"ID","Address","Name","Size","Organization","Description","Units","X Units","Y Units","Scale","X Scale","Y Scale","Value min","Value max","Value min*1","Value max*1","4Z7907551R.kp","8D0907551F.kp","8D0907551G.kp"
"-","0x100c2","Axis: RPM (timing)","16x1","8 Bit","-","U/min","-","-","40.0","1.0","1.0","440.0","6520.0","0xb","0xa3","","",""
"-","0x100ff","Axis: Load (timing)","12x1","8 Bit","-","%","-","-","0.75","1.0","1.0","9.75","191.25","0xd","0xff","","",""
"KVNPZ (AR 101B7)","0x101a1","Normalized fuel consumption per cylinder for display","1x1","8 Bit","-","L/Zyl.","-","-","0.02","1.0","1.0","0.84","0.84","0x2a","0x2a","normierter Krafstoffverbrauch pro Zylinder für Kombiausgabe","normierter Krafstoffverbrauch pro Zylinder für Kombiausgabe","normierter Krafstoffverbrauch pro Zylinder für Kombiausgabe"
"MDNORM","0x101a3","Maximales indiziertes Motormoment für Moment-Normierung","1x1","8 Bit","-","Nm","-","-","10.0","1.0","1.0","600.0","600.0","0x3c","0x3c","Maximales indiziertes Motormoment für Moment-Normierung","Maximales indiziertes Motormoment für Moment-Normierung","Maximales indiziertes Motormoment für Moment-Normierung"
"KFDLUR (RS4 10330)","0x10333","Map: Rough running deviation (dluts) reference value","8x8","8 Bit","Umrechnung Laufunruhe in DMD","(Umdr./sec)^2","Upm","%","0.454748","40.0","0.75","5.9117239999999995","57.752995999999996","0xd","0x7f","","Kennfeld für Laufunruhedifferenz dluts Referenzwert","Kennfeld für Laufunruhedifferenz dluts Referenzwert"
"KFDLUR1 (RS4 10370)","0x10373","Map: Rough running deviation (dluts) reference value 1","8x8","8 Bit","Umrechnung Laufunruhe in DMD","(Umdr./sec)^2","Upm","%","0.454748","40.0","0.75","5.9117239999999995","57.752995999999996","0xd","0x7f","Kennfeld für Laufunruhedifferenz dluts Referenzwert","Kennfeld für Laufunruhedifferenz dluts Referenzwert","Kennfeld für Laufunruhedifferenz dluts Referenzwert"
"KFDLUR2 (RS4 103B0)","0x103b3","Map: Rough running deviation (dluts) reference value 2","8x8","8 Bit","Umrechnung Laufunruhe in DMD","(Umdr./sec)^2","Upm","%","0.454748","40.0","0.75","5.9117239999999995","57.752995999999996","0xd","0x7f","Kennfeld für Laufunruhedifferenz dluts Referenzwert","Kennfeld für Laufunruhedifferenz dluts Referenzwert","Kennfeld für Laufunruhedifferenz dluts Referenzwert"
"KFDLURZ (RS4 103F0)","0x103f3","Map: Rough running deviation (dluts) reference value during ZAS","8x8","8 Bit","Umrechnung Laufunruhe in DMD","(Umdr./sec)^2","Upm","%","0.454748","40.0","0.75","5.9117239999999995","57.752995999999996","0xd","0x7f","Kennfeld für Laufunruhedifferenz dluts Referenzwert bei ZAS","Kennfeld für Laufunruhedifferenz dluts Referenzwert bei ZAS","Kennfeld für Laufunruhedifferenz dluts Referenzwert bei ZAS"
"NMIDLU (AR 105B9)","0x10433","Minimum engine speed for misfire recognition attenuation DMDDLU","1x1","8 Bit","-","Upm","-","-","40.0","1.0","1.0","640.0","640.0","0x10","0x10","Min. Drehzahl für Ausblendung der Aussetzererkennung DMDDLU","Min. Drehzahl für Ausblendung der Aussetzererkennung DMDDLU","Min. Drehzahl für Ausblendung der Aussetzererkennung DMDDLU"
"NMIALU (AR 105C8)","0x10437","Minimum engine speed for misfire recognition attenuation","1x1","8 Bit","-","Upm","-","-","40.0","1.0","1.0","480.0","480.0","0xc","0xc","Min. Drehzahl für Ausblendung der Aussetzererkennung","Min. Drehzahl für Ausblendung der Aussetzererkennung","Min. Drehzahl für Ausblendung der Aussetzererkennung"
"RLSALULL","0x10439","Load threshold for surge recognition for misfire recognition attenuation during idle","1x1","8 Bit","-","%","-","-","0.75","1.0","1.0","15.75","15.75","0x15","0x15","","Lastschwelle zur Schuberkennung für Ausblendung der Aussetzererkennung im LL","Lastschwelle zur Schuberkennung für Ausblendung der Aussetzererkennung im LL"
"RLSALUN","0x1043a","Load threshold for surge recognition for misfire recognition attenuation","8x1","8 Bit","-","%","Upm","-","0.75","40.0","1.0","13.5","31.5","0x12","0x2a","","Lastschwelle zur Schuberkennung für Ausblendung der Aussetzererkennung","Lastschwelle zur Schuberkennung für Ausblendung der Aussetzererkennung"
"CLAATR","0x106b0","Failure code exhaust gas temperature sensor regulation bank 1","1x1","8 Bit","1 : 1 Umrechnug (dez/hex)","-","-","-","1.0","1.0","1.0","19.0","19.0","0x13","0x13","Fehlerklasse Abgastemperaturregelung","Fehlerklasse Abgastemperaturregelung","Fehlerklasse Abgastemperaturregelung"
"CLAATR2","0x106b1","Failure code exhaust gas temperature sensor regulation bank 2","1x1","8 Bit","1 : 1 Umrechnug (dez/hex)","-","-","-","1.0","1.0","1.0","19.0","19.0","0x13","0x13","Fehlerklasse Abgastemperaturregelung Bank 2","Fehlerklasse Abgastemperaturregelung Bank 2","Fehlerklasse Abgastemperaturregelung Bank 2"
"CLAATS","0x106b4","Failure code exhaust gas temperature sensor bank 1","1x1","8 Bit","1 : 1 Umrechnug (dez/hex)","-","-","-","1.0","1.0","1.0","19.0","19.0","0x13","0x13","Fehlerklasse Abgastemperatursensor","Fehlerklasse Abgastemperatursensor","Fehlerklasse Abgastemperatursensor"
"CLAATS2","0x106b5","Failure code exhaust gas temperature sensor bank 2","1x1","8 Bit","1 : 1 Umrechnug (dez/hex)","-","-","-","1.0","1.0","1.0","19.0","19.0","0x13","0x13","Fehlerklasse Abgastemperatursensor Bank 2","Fehlerklasse Abgastemperatursensor Bank 2","Fehlerklasse Abgastemperatursensor Bank 2"
"CLACINS","0x106c3","Codeword: Error Class: CAN-Timeout message instrument cluster","1x1","8 Bit","1:1 conversion (dec/hex)","-","-","-","1.0","1.0","1.0","19.0","19.0","0x13","0x13","Fehlerklasse: CAN-Timeout Botschaft Kombiinstrument","Fehlerklasse: CAN-Timeout Botschaft Kombiinstrument","Fehlerklasse: CAN-Timeout Botschaft Kombiinstrument"
"CLAHSH","0x106f0","Error class: Bank 1 post cat O2 sensor heater","1x1","8 Bit","1 : 1 Umrechnug (dez/hex)","-","-","-","1.0","1.0","1.0","3.0","3.0","0x3","0x3","Fehlerklasse: Heizung Lambdasonde hinter Kat","Fehlerklasse: Heizung Lambdasonde hinter Kat","Fehlerklasse: Heizung Lambdasonde hinter Kat"
"CLAHSH2","0x106f1","Error class: Bank 2 post cat O2 sensor heater","1x1","8 Bit","1 : 1 Umrechnug (dez/hex)","-","-","-","1.0","1.0","1.0","3.0","3.0","0x3","0x3","Fehlerklasse: Heizung Lambdasonde 2 hinter Kat","Fehlerklasse: Heizung Lambdasonde 2 hinter Kat","Fehlerklasse: Heizung Lambdasonde 2 hinter Kat"
"CLAHSHE","0x106f2","Error class: Bank 1 post cat O2 sensor heater amplifier","1x1","8 Bit","1 : 1 Umrechnug (dez/hex)","-","-","-","1.0","1.0","1.0","3.0","3.0","0x3","0x3","Fehlerklasse: Endstufe Heizung Lambdasonde hinter Kat","Fehlerklasse: Endstufe Heizung Lambdasonde hinter Kat","Fehlerklasse: Endstufe Heizung Lambdasonde hinter Kat"
"CLAHSHE2","0x106f3","Error class: Bank 2 post cat O2 sensor heater amplifier","1x1","8 Bit","1 : 1 Umrechnug (dez/hex)","-","-","-","1.0","1.0","1.0","3.0","3.0","0x3","0x3","Fehlerklasse: Endstufe Heizung Lambdasonde 2 hinter Kat","Fehlerklasse: Endstufe Heizung Lambdasonde 2 hinter Kat","Fehlerklasse: Endstufe Heizung Lambdasonde 2 hinter Kat"
"CLALSH","0x10717","Error Class: Lambda Probe post Kat Bank 1","1x1","8 Bit","1 : 1 Umrechnug (dez/hex)","-","-","-","1.0","1.0","1.0","3.0","3.0","0x3","0x3","Fehlerklasse: Lambdasonde hinter Kat","Fehlerklasse: Lambdasonde hinter Kat","Fehlerklasse: Lambdasonde hinter Kat"
"CLALSH2","0x10718","Error class: Lambda Probe post Kat Bank 2","1x1","8 Bit","1 : 1 Umrechnug (dez/hex)","-","-","-","1.0","1.0","1.0","3.0","3.0","0x3","0x3","Fehlerklasse: Lambdasonde 2 hinter Kat","Fehlerklasse: Lambdasonde 2 hinter Kat","Fehlerklasse: Lambdasonde 2 hinter Kat"
"CWDNMAX","0x10991","Codeword: Disable RPM exceeded diagnosis","1x1","8 Bit","1 : 1 Umrechnug (dez/hex)","-","-","-","1.0","1.0","1.0","1.0","1.0","0x1","0x1","Codeword: Abschaltung Diagnose Überdrehzahl","Codeword: Abschaltung Diagnose Überdrehzahl","Codeword: Abschaltung Diagnose Überdrehzahl"
"RLDKTSO_0_A (AR 10B39)","0x1099e","Upper load curve for DKAT active","5x1","8 Bit","-","%","Upm","-","0.75","40.0","1.0","40.5","55.5","0x36","0x4a","Obere Lastkennlinie für DKAT-aktiv","",""
"NWPMBBR","0x109d3","Minimum RPM for acc pedal value lockout on brake operation","1x1","8 Bit","-","Upm","-","-","40.0","1.0","1.0","1200.0","1200.0","0x1e","0x1e","Mindestdrehzahl für Pedalwertbegrenzung bei betätigter Bremse","Mindestdrehzahl für Pedalwertbegrenzung bei betätigter Bremse","Mindestdrehzahl für Pedalwertbegrenzung bei betätigter Bremse"
"TWPMBBR","0x109dc","Delay time for acc pedal value lockout on brake operation","1x1","8 Bit","-","s","-","-","0.01","1.0","1.0","2.0","2.0","0xc8","0xc8","Verzögerungszeit für Pedalwertbegrenzung bei betätigter Bremse","Verzögerungszeit für Pedalwertbegrenzung bei betätigter Bremse","Verzögerungszeit für Pedalwertbegrenzung bei betätigter Bremse"
"UPWGVG (AR 10B8E)","0x109ea","Pedal voltage threshold for full throttle region","1x1","8 Bit","-","V","-","-","0.019531","1.0","1.0","3.417925","3.417925","0xaf","0xaf","PWG-Spannungsschwelle für Vollgasbereich","PWG-Spannungsschwelle für Vollgasbereich","PWG-Spannungsschwelle für Vollgasbereich"
"VWPMBBR","0x109eb","Minimum speed for acc pedal value lockout on brake operation","1x1","8 Bit","-","km/h","-","-","1.25","1.0","1.0","3.75","3.75","0x3","0x3","Mindestgeschwindigkeit für Pedalwertbegrenzung bei betätigter Bremse","Mindestgeschwindigkeit für Pedalwertbegrenzung bei betätigter Bremse","Mindestgeschwindigkeit für Pedalwertbegrenzung bei betätigter Bremse"
"KFWDKPP (RS4 109F4)","0x10a0d","Default throttle plate angle from charge signal","12x12","8 Bit","-","% DK","%","Upm","0.392157","0.75","40.0","0.0","37.254915","0x0","0x5f","","Ersatzwert für Drosselklappenwinkel aus Füllungssignal","Ersatzwert für Drosselklappenwinkel aus Füllungssignal"
"WDKPMXN","0x10ac5","Maximum throttle plate angle for plausibility with load signal","12x1","8 Bit","-","% DK","Upm","-","0.392157","40.0","1.0","6.274512","37.254915","0x10","0x5f","","Maximaler Drosselklappenwinkel für Plausibilisierung mit Füllungssignal","Maximaler Drosselklappenwinkel für Plausibilisierung mit Füllungssignal"
"ESKONF1","0x10c7a","ESKONF","1x1","8 Bit","-","-","-","-","1.0","1.0","1.0","0.0","0.0","0x0","0x0","","",""
"ESKONF2","0x10c7b","ESKONF","1x1","8 Bit","-","-","-","-","1.0","1.0","1.0","243.0","243.0","0xf3","0xf3","","",""
"KFKHFM (AR 10CCE)","0x10ca1","Correction map for MAF","14x14","8 Bit","-","-","%","Upm","0.007813","0.75","40.0","0.9297470000000001","1.09382","0x77","0x8c","Korrekturkennfeld für HFM","Korrekturkennfeld für HFM","Korrekturkennfeld für HFM"
"CWBGMSZS","0x10d69","Codeword: BGMSZS","1x1","8 Bit","1 : 1 Umrechnug (dez/hex)","-","-","-","1.0","1.0","1.0","2.0","2.0","0x2","0x2","Codewort für die BGMSZS","Codewort für die BGMSZS","Codewort für die BGMSZS"
"KUMSRL (AR 10D97)","0x10d6c","Conversion constant from MAF to relative charge","1x1","8 Bit","-","(kg/h)/(1/min)(%)","-","-","7.81584E-6","1.0","1.0","0.00104732256","0.00104732256","0x86","0x86","Umrechnungskonstante von Massenstrom in relative Luftfüllung","Umrechnungskonstante von Massenstrom in relative Luftfüllung","Umrechnungskonstante von Massenstrom in relative Luftfüllung"
"KUMSRL (AR 10D97)","0x10d6c","Conversion constant from MAF to relative charge (l)","1x1","8 Bit","-","l","-","-","0.0199325","1.0","1.0","2.6709549999999997","2.6709549999999997","0x86","0x86","Umrechnungskonstante von Massenstrom in relative Luftfüllung","Umrechnungskonstante von Massenstrom in relative Luftfüllung","Umrechnungskonstante von Massenstrom in relative Luftfüllung"
"MSALLMN","0x10d6f","Minimum idle air mass adaption for exhaust gas","1x1","8 Bit","-","kg/h","-","-","0.1","1.0","1.0","3.0","3.0","0x1e","0x1e","Minimale Leerlaufluftmassenadaption für E-Gas","Minimale Leerlaufluftmassenadaption für E-Gas","Minimale Leerlaufluftmassenadaption für E-Gas"
"CWLAMKH (AR 10EBB)","0x10e52","Codeword: Lambda coordination during cat heating","1x1","8 Bit","1:1 conversion (dec/hex)","-","-","-","1.0","1.0","1.0","1.0","1.0","0x1","0x1","Codewort Lambdakoordination bei Kat-heizen","Codewort Lambdakoordination bei Kat-heizen","Codewort Lambdakoordination bei Kat-heizen"
"KFHSTT (AR 10F10)","0x10ebc","Hot start enrichment factor","6x1","8 Bit","-","-","Grad C","%","0.25","0.75","0.75","1.5","2.0","0x6","0x8","Faktor Heißstart","Faktor Heißstart",""
"KFWKSTT","0x10f23","Weighting map for cold start factor","6x12","8 Bit","-","-","-","Grad C","0.007813","1.0","0.75","0.398463","1.000064","0x33","0x80","","Wichtungskennfeld Kaltstart","Wichtungskennfeld Kaltstart"
"KRDWA","0x1109d","Knock control adaptation to differential current ZW map","1x1","8 Bit","-","Grad KW","-","-","0.75","1.0","1.0","2.25","2.25","0x3","0x3","Klopfregelung Differenz aktueller ZW zu Adaptionskennfeld","Klopfregelung Differenz aktueller ZW zu Adaptionskennfeld","Klopfregelung Differenz aktueller ZW zu Adaptionskennfeld"
"FRK_AOG","0x110df","Upper adaptation limit factor base-adaptation","1x1","8 Bit","-","-","-","-","0.001953","1.0","1.0","1.19919","1.19919","0xe6","0xe6","oberer Grenzwert Anpassung Faktor Grundanpassung","oberer Grenzwert Anpassung Faktor Grundanpassung","oberer Grenzwert Anpassung Faktor Grundanpassung"
"FRK_AUG","0x110e0","Lower adaptation limit factor base-adaptation","1x1","8 Bit","-","-","-","-","0.001953","1.0","1.0","0.900381","0.900381","0x4d","0x4d","unterer Grenzwert Anpassung Faktor Grundanpassung","unterer Grenzwert Anpassung Faktor Grundanpassung","unterer Grenzwert Anpassung Faktor Grundanpassung"
"KFMRES","0x112ab","Torque reserve in idle and near idle area","4x6","8 Bit","-","%","%","U/min","0.097647","0.00152587890625","0.25","0.0","1.757646","0x0","0x12","LLR: Basis Momentenreserve im LL und ll-nahem Bereich","LLR: Basis Momentenreserve im LL und ll-nahem Bereich","LLR: Basis Momentenreserve im LL und ll-nahem Bereich"
"KFMRESK","0x112c3","Torque reserve in idle and near idle area, clutch disengaged","4x6","8 Bit","-","%","%","U/min","0.097647","0.00152587890625","0.25","0.0","3.515292","0x0","0x24","LLR: Basis Momentenreserve im LL und ll-nahem Bereich,ausgekuppelt","LLR: Basis Momentenreserve im LL und ll-nahem Bereich,ausgekuppelt","LLR: Basis Momentenreserve im LL und ll-nahem Bereich,ausgekuppelt"
"KFZWOP (AR 116AE)","0x1140e","Optimal ignition angle","11x16","8 Bit","-","grad KW","%","U/min","0.75","0.023438","0.25","2.25","46.5","0x3","0x3e","optimaler Zündwinkel","optimaler Zündwinkel","optimaler Zündwinkel"
"KFZWOP2 (AR 1175E)","0x114be","Optimal ignition angle (variant 2)","11x16","8 Bit","-","grad KW","%","U/min","0.75","0.023438","0.25","4.5","48.75","0x6","0x41","optimaler Zündwinkel Variante 2","optimaler Zündwinkel Variante 2","optimaler Zündwinkel Variante 2"
"MDIMX","0x1156f","Maximum indicated engine torque","1x1","8 Bit","-","%","-","-","0.390625","1.0","1.0","99.21875","99.21875","0xfe","0xfe","Maximales indiziertes Motormoment","Maximal erreichbares indiziertes Motormoment","Maximales indiziertes Motormoment"
"NMXDAEF","0x11577","Maximum engine speed for throttle body motor backup operation","6x1","8 Bit","-","Upm","% PED","-","40.0","0.392157","1.0","1200.0","3600.0","0x1e","0x5a","","Maximaldrehzahl für Drosselklappen-Antrieb-Ersatz-Funktion","Maximaldrehzahl bei Drosselklappen-Antrieb-Ersatzbetrieb"
"VNMX","0x1157e","Vehicle speed threshold for activating the raised maximum engine speed","1x1","8 Bit","-","km/h","-","-","1.25","1.0","1.0","20.0","20.0","0x10","0x10","Geschwindigkeits-Schwelle für Aktivierung der erhöhten Drehzahlgrenze","Geschwindigkeitsschwelle für Aktivierung der erhöhten Drehzahlschwelle","Geschwindigkeits-Schwelle für Aktivierung der erhöhten Drehzahlgrenze"
"KFMIZUFIL","0x11599","Allowable indicated torque to torque limit before filter","8x8","8 Bit","-","%","Upm","% PED","0.390625","40.0","0.392157","3.125","99.609375","0x8","0xff","","Zulässiges indiziertes Moment zur Momentenbegrenzung vor Filter","Zulässiges indiziertes Moment zur Momentenbegrenzung vor Filter"
"KFMIZUNS","0x115d9","Allowable torque on afterstart extension","8x8","8 Bit","-","%","Upm","% PED","0.390625","40.0","0.392157","6.25","99.609375","0x10","0xff","","Zulässiges Moment bei Nachstartaufweitung","Zulässiges Moment bei Nachstartaufweitung"
"KFMIZUOF","0x11619","Allowed indicated torque for torque limiting","8x8","8 Bit","-","%","Upm","%","0.390625","40.0","0.390625","0.0","89.453125","0x0","0xe5","","Zulässiges indiziertes Moment zur Momentenbegrenzung","Zulässiges indiziertes Moment zur Momentenbegrenzung"
"TMNSMN","0x11676","Minimum motor temperature threshold for the post-start widening","1x1","8 Bit","-","Grad C","-","-","0.75","1.0","1.0","50.25","50.25","0x83","0x83","Motortemperaturschwelle für die Nachstartaufweitung","Motortemperaturschwelle für die Nachstartaufweitung","Motortemperaturschwelle für die Nachstartaufweitung"
"CW_NOROMCHKRESET (AR 11F6B)","0x11a24","Codeword: No ROM check reset","1x1","8 Bit","1 : 1 Umrechnug (dez/hex)","-","-","-","1.0","1.0","1.0","0.0","0.0","0x0","0x0","","",""
"CLRHK","0x11a87","Codeword for lambda control behind catalyst on/off","1x1","8 Bit","1 : 1 Umrechnug (dez/hex)","-","-","-","1.0","1.0","1.0","72.0","72.0","0x48","0x48","Codewort für Lambda - Regelung hinter Kat ein/aus","Codewort für Lambda - Regelung hinter Kat ein/aus","Codewort für Lambda - Regelung hinter Kat ein/aus"
"KFZWMS (AR 12147)","0x11bb0","Permanent latest possible ignition angle","12x16","8 Bit","-","grad KW","%","Upm","0.75","0.75","40.0","-95.25","16.5","0x81","0x16","Kennfeld mit dauerhaft spätest möglichem Zündwinkel","Kennfeld mit dauerhaft spätest möglichem Zündwinkel","Kennfeld mit dauerhaft spätest möglichem Zündwinkel"
"KFZW","0x11c72","Ignition angle map","12x16","8 Bit","-","grad KW","%","U/min","0.75","0.75","40.0","-13.5","42.75","0xee","0x39","Zündwinkelkennfeld","Zündwinkelkennfeld","Zündwinkelkennfeld"
"KFZW2","0x11d32","Ignition angle map (variant 2)","12x16","8 Bit","-","grad KW","%","U/min","0.75","0.75","40.0","-18.0","47.25","0xe8","0x3f","Zündwinkelkennfeld Variante 2","Zündwinkelkennfeld Variante 2","Zündwinkelkennfeld Variante 2"
"KFZWWLNM (AR 123D2)","0x11e3b","Delta timing during warmup","12x12","8 Bit","-","grad KW","Grad C","Upm","0.75","0.75","40.0","-7.5","7.5","0xf6","0xa","Delta Zündwinkel im Warmlauf","Delta Zündwinkel im Warmlauf","Delta Zündwinkel im Warmlauf"
"TANSKOB","0x11f48","IAT threshold for AC compressor cutoff","1x1","8 Bit","-","Grad C","-","-","0.75","1.0","1.0","140.25","140.25","0xfb","0xfb","Ansauglufttemperaturschwelle für Kompressorabschaltung","Ansauglufttemperaturschwelle für Kompressorabschaltung","Ansauglufttemperaturschwelle für Kompressorabschaltung"
"TKOMBKOA","0x11f72","Motor temperature threshold from cluster for compressor cutoff","1x1","8 Bit","-","Grad C","-","-","0.75","1.0","1.0","118.5","118.5","0xde","0xde","Motortemperaturschwelle aus Kombiinstrument für Kompressorabschaltung","Motortemperaturschwelle aus Kombiinstrument für Kompressorabschaltung","Motortemperaturschwelle aus Kombiinstrument für Kompressorabschaltung"
"TKOMBKOE","0x11f73","Motor temperature threshold from cluster for compressor activation","1x1","8 Bit","-","Grad C","-","-","0.75","1.0","1.0","117.75","117.75","0xdd","0xdd","Motortemperaturschwelle aus Kombiinstrument für Kompressoreinschaltung","Motortemperaturschwelle aus Kombiinstrument für Kompressoreinschaltung","Motortemperaturschwelle aus Kombiinstrument für Kompressoreinschaltung"
"TMKOAO","0x11f85","Upper motor temperature threshold for compressor cutoff","1x1","8 Bit","-","Grad C","-","-","0.75","1.0","1.0","142.5","142.5","0xfe","0xfe","Obere Motortemperaturschwelle für Kompressorabschaltung","Obere Motortemperaturschwelle für Kompressorabschaltung","Obere Motortemperaturschwelle für Kompressorabschaltung"
"TMKOAU","0x11f86","Lower motor temperature threshold for compressor cutoff","1x1","8 Bit","-","Grad C","-","-","0.75","1.0","1.0","-47.25","-47.25","0x1","0x1","Untere Motortemperaturschwelle für Kompressorabschaltung","Untere Motortemperaturschwelle für Kompressorabschaltung","Untere Motortemperaturschwelle für Kompressorabschaltung"
"TMSTMAD","0x11f87","Threshold for tmot during start for requirements adaption","1x1","8 Bit","-","Grad C","-","-","0.75","1.0","1.0","24.0","24.0","0x60","0x60","Schwelle für tmot im Start für Bedarfsadaption","Schwelle für tmot im Start für Bedarfsadaption","Schwelle für tmot im Start für Bedarfsadaption"
"VKO","0x11f8a","Vehicle speed threshold for AC control","1x1","8 Bit","-","km/h","-","-","1.25","1.0","1.0","0.0","0.0","0x0","0x0","Geschwindigkeitsschwelle für AC-Steuerung","Geschwindigkeitsschwelle für AC-Steuerung","Geschwindigkeitsschwelle für AC-Steuerung"
"VKOAO","0x11f8b","Upper vehicle speed threshold for compressor cutoff","1x1","8 Bit","-","km/h","-","-","1.25","1.0","1.0","20.0","20.0","0x10","0x10","Obere Geschwindigkeitsschwelle für Kompressorabschaltung","Obere Geschwindigkeitsschwelle für Kompressorabschaltung","Obere Geschwindigkeitsschwelle für Kompressorabschaltung"
"VKOB","0x11f8c","Vehicle speed threshold for compressor control during acceleration","1x1","8 Bit","-","km/h","-","-","1.25","1.0","1.0","0.0","0.0","0x0","0x0","Geschwindingkeitsschwelle für Ko-Steuerung in Beschleunigung","Geschwindingkeitsschwelle für Ko-Steuerung in Beschleunigung","Geschwindingkeitsschwelle für Ko-Steuerung in Beschleunigung"
"WPEDKO","0x11f8d","Pedal angle threshold for compressor shutoff","8x1","8 Bit","-","%","Upm","-","0.390625","40.0","1.0","99.609375","99.609375","0xff","0xff","Pedalwinkelschwelle für KO-Ausschaltung","Pedalwinkelschwelle für KO-Ausschaltung","Pedalwinkelschwelle für KO-Ausschaltung"
"AIMVM","0x12a56","Number of speed pulses per m for signal normalization v","1x1","16 Bit (LoHi)","-","-","-","-","0.001","1.0","1.0","4.131","4.131","0x1023","0x1023","Anzahl Geschwindigkeitsimpulse pro m für Normierung v-Signal","Anzahl Geschwindigkeitsimpulse pro m für Normierung v-Signal","Anzahl Geschwindigkeitsimpulse pro m für Normierung v-Signal"
"-","0x12ae2","Axis: RPM (PID)","16x1","16 Bit (LoHi)","-","U/min","-","-","0.25","1.0","1.0","1000.0","6500.0","0xfa0","0x6590","","",""
"SNM16OPUW","0x12b04","Axis: RPM (timing, 16bit)","16x1","16 Bit (LoHi)","-","U/min","-","-","0.25","1.0","1.0","440.0","6520.0","0x6e0","0x65e0","Stützstellenverteilung Drehzahl","Stützstellenverteilung Drehzahl","Stützstellenverteilung Drehzahl"
"-","0x12b26","Axis: RPM (misfire detection)","8x1","16 Bit (LoHi)","-","U/min","-","-","0.25","1.0","1.0","1600.0","6400.0","0x1900","0x6400","","",""
"CW_CAN_R","0x12c7a","CAN bus receive enable","1x1","8 Bit","-","-","-","-","1.0","1.0","1.0","32.0","32.0","0x20","0x20","","",""
"NGALU","0x12ca4","Misfire detection: RPM deviation attenuation threshold","8x1","16 Bit (LoHi)","-","U/min/s","U/min","-","0.39063","0.25","1.0","1000.0128","3000.0384","0xa00","0x1e00","","Misfire Detection : Schwelle Drehzahländerung für Ausblendung","Misfire Detection : Schwelle Drehzahländerung für Ausblendung"
"NMAXF","0x13b52","Maximum engine speed exceeded threshold","1x1","16 Bit (LoHi)","-","Upm","-","-","0.25","1.0","1.0","7200.0","7200.0","0x7080","0x7080","Fehlererkennung nmax - Überschreitung","Fehlererkennung nmax - Überschreitung","Fehlererkennung nmax - Überschreitung"
"DSLOFS","0x13dee","Offset MAP sensor pressure","1x1","16 Bit (LoHi)","-","hPa","-","-","0.039063","1.0","1.0","-16.40646","-16.40646","0xfe5c","0xfe5c","Offset Drucksensor Ladedruck","Offset Drucksensor Ladedruck","Offset Drucksensor Ladedruck"
"KFWDKSMX (AR 1494A)","0x13f16","Maximum desired throttle plate angle","3x10","16 Bit (LoHi)","-","%","-","U/min","0.001526","6.1E-5","0.25","27.503098","100.00641","0x4667","0xffff","maximaler Solldrosselklappenwinkel","maximaler Solldrosselklappenwinkel","maximaler Solldrosselklappenwinkel"
"KFMI_UM (AR 14096)","0x14098","Optimal engine torque under monitoring","8x8","8 Bit","-","%","Upm","%","0.390625","40.0","0.75","4.296875","89.0625","0xb","0xe4","Kennfeld optimales Motormoment in der Funktionsüberwachung","Kennfeld optimales Motormoment in der Funktionsüberwachung","Kennfeld optimales Motormoment in der Funktionsüberwachung"
"KFZW_UM  (AR 140D6)","0x140d8","Map: optimal ignition angle under monitoring","8x8","8 Bit","-","grad KW","Upm","%","0.75","40.0","0.75","12.75","51.0","0x11","0x44","Kennfeld für optimalen Zündwinkel in der Funktionsüberwachung","Kennfeld für optimalen Zündwinkel in der Funktionsüberwachung","Kennfeld für optimalen Zündwinkel in der Funktionsüberwachung"
"KFMDZOF_UM","0x14129","Map: Offset tolerance depending on allowed torque","8x8","8 Bit","-","%","Upm","%","0.390625","40.0","0.390625","6.25","99.609375","0x10","0xff","","Kennfeld für Offset-Toleranz in Abhängigkeit vom zulässigen Moment","Kennfeld für Offset-Toleranz in Abhängigkeit vom zulässigen Moment"
"KFMPED_UM","0x14169","Map for allowable torque from pedal position in the functions monitoring","8x8","8 Bit","-","%","Upm","V","0.390625","40.0","0.019531","3.125","99.609375","0x8","0xff","","Kennfeld für zulässiges Moment aus der Pedalstellung in der Funktionsüberwachg","Kennfeld für zulässiges Moment aus der Pedalstellung in der Funktionsüberwachg"
"KFMPNS_UM","0x141a9","Map for allowable torque from pedal position on cold motor","8x8","8 Bit","-","%","Upm","V","0.390625","40.0","0.019531","6.25","99.609375","0x10","0xff","","Kennfeld für zul. Moment aus Pedalstellung bei kaltem Motor","Kennfeld für zul. Moment aus Pedalstellung bei kaltem Motor"
"MLHFM (AR 13974)","0x14254","Linearization of MAF voltage","512x1","16 Bit (LoHi)","-","kg/h","v","-","0.1","0.009766","1.0","0.0","1213.1000000000001","0x0","0x2f63","Linearisierung der Heißfilmspannung","Linearisierung der Heißfilmspannung","Linearisierung der Heißfilmspannung"
"MLHFM (AR 13974)","0x14254","Linearization of MAF voltage (g/sec)","512x1","16 Bit (LoHi)","-","g/sec","v","-","0.027778","0.009766","1.0","0.0","336.974918","0x0","0x2f63","Linearisierung der Heißfilmspannung","Linearisierung der Heißfilmspannung","Linearisierung der Heißfilmspannung"
"MLOFS (AR 13D76, RS4 14656)","0x14656","MAF offset (Bosch = 200 kg/h)","1x1","16 Bit (LoHi)","-","kg/h","-","-","0.1","1.0","1.0","0.0","0.0","0x0","0x0","Kennlinienoffset HFM 5","Kennlinienoffset HFM 5","Kennlinienoffset HFM 5"
"KFMSNWDK (AR 143DA)","0x146a6","Normalized mass flow over DK","6x16","16 Bit (LoHi)","-","kg/h","U/min","%","0.1","0.25","0.001526","0.0","1770.0","0x0","0x4524","Kennfeld normierter Massenstrom über DK","Kennfeld normierter Massenstrom über DK","Kennfeld normierter Massenstrom über DK"
"KFMIRL (AR 14A1C)","0x14bee","Engine load desired (rlsol)","12x16","16 Bit (LoHi)","-","%","% rltsol","RPM","0.023438","0.001526","0.25","3.98446","190.996262","0xaa","0x1fd5","Kennfeld für Berechnung Sollfüllung","Kennfeld für Berechnung Sollfüllung","Kennfeld für Berechnung Sollfüllung"
"TEMIN","0x14ee4","Minimum injector on time (TE)","1x1","16 Bit (LoHi)","-","ms","-","-","0.002667","1.0","1.0","0.5013960000000001","0.5013960000000001","0xbc","0xbc","minimales TE","minimales TE","minimales TE"
"TEMINVA","0x14ee6","Minimum injector on time (TE) during VA","1x1","16 Bit (LoHi)","-","ms","-","-","0.002667","1.0","1.0","0.0","0.0","0x0","0x0","minimales TE bei VA","minimales TE bei VA","minimales TE bei VA"
"TVUB","0x14eee","Injector on time offset voltage correction","5x1","16 Bit (LoHi)","-","ms","V","-","0.002667","0.0704","1.0","0.6080760000000001","2.00025","0xe4","0x2ee","Spannungskorrektur","Spannungskorrektur","Spannungskorrektur"
"FKSTT_1_A","0x14fa8","Cold start enrichment factor","12x1","16 Bit (LoHi)","-","-","Grad C","-","9.77E-4","0.75","1.0","1.2505600000000001","33.515008","0x500","0x8600","Faktor Kaltstart","","Faktor Kaltstart"
"FKSTT_0_A","0x14fce","Cold start enrichment factor","12x1","16 Bit (LoHi)","-","-","Grad C","-","9.77E-4","0.75","1.0","1.2505600000000001","33.515008","0x500","0x8600","Faktor Kaltstart","","Faktor Kaltstart"
"KFWKSTAB (AR 14E42)","0x14ff4","Repeated cold start factor of start count reduction","4x4","8 Bit","-","-","Grad C","s","0.007813","0.75","1.0","0.601601","1.000064","0x4d","0x80","Faktor Wiederholkaltstart zur Reduzierung der Startmenge","","Faktor Wiederholkaltstart zur Reduzierung der Startmenge"
"DZWTIN (AR 153E8)","0x15242","Delta ignition angle with tip engaged","16x1","8 Bit","-","grad KW","Upm","-","-0.75","40.0","1.0","0.0","0.0","0x0","0x0","delta-Zündwinkel bei Tip in","delta-Zündwinkel bei Tip in","delta-Zündwinkel bei Tip in"
"ADRONLOGIN","0x15312","Login code to activate ADR","1x1","16 Bit (LoHi)","1 : 1 Umrechnug (dez/hex)","-","-","-","1.0","1.0","1.0","11463.0","11463.0","0x2cc7","0x2cc7","Logincode zum Aktivieren ADR","Logincode zum Aktivieren ADR","Logincode zum Aktivieren ADR"
"GRAOFLOGIN","0x15314","Login code for GRA locking","1x1","16 Bit (LoHi)","1 : 1 Umrechnug (dez/hex)","-","-","-","1.0","1.0","1.0","16167.0","16167.0","0x3f27","0x3f27","Login-Code für GRA sperren","Login-Code für GRA sperren","Login-Code für GRA sperren"
"GRAONLOGIN","0x15316","Login code for GRA unlocking","1x1","16 Bit (LoHi)","1 : 1 Umrechnug (dez/hex)","-","-","-","1.0","1.0","1.0","11463.0","11463.0","0x2cc7","0x2cc7","Login-Code für GRA freischalten","Login-Code für GRA freischalten","Login-Code für GRA freischalten"
"KLOGIN","0x15318","Login code for service","1x1","16 Bit (LoHi)","1 : 1 Umrechnug (dez/hex)","-","-","-","1.0","1.0","1.0","45678.0","45678.0","0xb26e","0xb26e","Login-Code für Kundendienst","Login-Code für Kundendienst","Login-Code für Kundendienst"
"SLOGIN","0x1531a","Login code for development","1x1","16 Bit (LoHi)","1 : 1 Umrechnug (dez/hex)","-","-","-","1.0","1.0","1.0","13737.0","13737.0","0x35a9","0x35a9","Login-Code für Entwicklung","Login-Code für Entwicklung","Login-Code für Entwicklung"
"VARDEF","0x1531c","Default variant for variant encoding","1x1","16 Bit (LoHi)","1 : 1 Umrechnug (dez/hex)","-","-","-","1.0","1.0","1.0","6611.0","6611.0","0x19d3","0x19d3","Default Variante für Variantencodierung","Default Variante für Variantencodierung","Default Variante für Variantencodierung"
"THLDUVD (RS4 15702)","0x15468","Dwell time for dynamic BPV (N249) control","1x1","8 Bit","-","s","-","-","0.05","1.0","1.0","2.0","2.0","0x28","0x28","Haltezeit LDR Umluftventilsteuerung dynamisch","Haltezeit LDR Umluftventilsteuerung dynamisch","Haltezeit LDR Umluftventilsteuerung dynamisch"
"KFVPDKSD (AR 1565C, RS4 15704)","0x1546a","Desired pressure ratio DK dynamic","12x12","16 Bit (LoHi)","-","-","-","U/min","0.0031","6.1E-5","0.25","96.4968","101.5808","0x7998","0x8000","Solldruckverhältnis DK im Dynamikbetrieb","Solldruckverhältnis DK im Dynamikbetrieb","Solldruckverhältnis DK im Dynamikbetrieb"
"KFVPDKSE (AR 1577C)","0x1558a","Desired pressure ratio DK stationary","12x12","16 Bit (LoHi)","-","-","-","U/min","0.0031","6.1E-5","0.25","96.4968","101.5808","0x7998","0x8000","Solldruckverhältnis DK im Stationärbetrieb","Solldruckverhältnis DK im Stationärbetrieb","Solldruckverhältnis DK im Stationärbetrieb"
"TDPDK (AR 1589C)","0x156aa","Down-control time constant for fmvp_w factor","1x1","8 Bit","-","s","-","-","1.0","1.0","1.0","11.0","11.0","0xb","0xb","Zeitkonstante Abregelung für Faktor fmvp_w","Zeitkonstante Abregelung für Faktor fmvp_w","Zeitkonstante Abregelung für Faktor fmvp_w"
"DPLSDWG","0x156d8","Max. delta plsol for wastegate diagnosis","8x1","16 Bit (LoHi)","-","hPa","Upm","-","0.039063","20.0","1.0","0.0","256.057965","0x0","0x199b","","","Max. Delta plsol für Diagnose Waste- Gate"
"DPVDKDWG","0x156f2","Min. delta pressure before throttle plate for wastegate diagnosis","8x1","16 Bit (LoHi)","-","hPa","Upm","-","0.039063","20.0","1.0","0.0","256.057965","0x0","0x199b","","","Min. Delta Druck vor DK für Diagnose Waste- Gate"
"KFMDST_0_A (AR 15B1E)","0x1585e","Starting torque","6x8","8 Bit","-","%","Grad C","-","0.78","0.75","0.007813","-55.38","15.600000000000001","0xb9","0x14","Startmoment","",""
"KIFZGHG","0x1589a","Integrator scaler for vehicle RPM model","8x1","16 Bit (LoHi)","-","-","-","-","0.074219","1.0","1.0","1.8554749999999998","35.996215","0x19","0x1e5","","","Integratorverstärkung des Fahrzeugmodells bei AT"
"WPEDU","0x158ba","Untere Schwelle Pedalwert für Antiruckelfunktion","1x1","16 Bit (LoHi)","-","% PED","-","-","0.001526","1.0","1.0","100.00641","100.00641","0xffff","0xffff","Untere Schwelle Pedalwert für Antiruckelfunktion","Untere Schwelle Pedalwert für Antiruckelfunktion","Untere Schwelle Pedalwert für Antiruckelfunktion"
"KFPED_0_A","0x15e34","Relative torque request from pedal","12x16","16 Bit (LoHi)","-","%","RPM","% PED","0.003052","0.25","0.001526","0.0","100.007936","0x0","0x8000","Relatives Fahrerwunschmoment aus Fahrpedal","",""
"KFPEDR_0_A (AR 16348)","0x15fe8","Relative torque request from pedal for reverse gear","8x16","16 Bit (LoHi)","-","%","RPM","% PED","0.003052","0.25","0.001526","0.0","100.007936","0x0","0x8000","Relatives Fahrerwunschmoment aus Fahrpedal für Rückwärtsgang","",""
"KFMIOP (AR 167FE)","0x16186","Optimal engine torque map","11x16","16 Bit (LoHi)","-","%","%","U/min","0.001526","0.023438","0.25","4.07442","89.818834","0xa6e","0xe5eb","Kennfeld optimales Motormoment","Kennfeld optimales Motormoment","Kennfeld optimales Motormoment"
"-","0x162e8","Axis: Load (timing)","11x1","16 Bit (LoHi)","-","%","-","-","0.023438","1.0","1.0","9.750208","191.25408000000002","0x1a0","0x1fe0","","",""
"DNMAX","0x16300","Allowed maximum engine speed attenuation per calculated step","1x1","16 Bit (LoHi)","-","U/min","-","-","0.25","1.0","1.0","1.0","1.0","0x4","0x4","Zulässige Verminderung der Maximaldrehzahl pro Rechenschritt","Drehzahlhysterese für Drehzahlbegrenzung","Zulässige Verminderung der Maximaldrehzahl pro Rechenschritt"
"DNMAXDZ","0x16302","Delta rpm, reduction of engine speed threshold by doubled ignition emission","1x1","16 Bit (LoHi)","-","U/min","-","-","0.25","1.0","1.0","0.0","0.0","0x0","0x0","","Delta-Drehzahl, Abregelung der Drehzahlgrenze bei doppelter Zündausgabe","Delta-Drehzahl, Abregelung der Drehzahlgrenze bei doppelter Zündausgabe"
"DNMAXH","0x16304","Deviation over the maximum engine speed for injector cutoff on all cylinders","1x1","16 Bit (LoHi)","-","U/min","-","-","0.25","1.0","1.0","200.0","200.0","0x320","0x320","Überschreitung der Maximaldrehzahl für Einspritzausblendung an allen Zylindern","Hysterese für harte Drehzahlbegrenzung","Überschreitung der Maximaldrehzahl für Einspritzausblendung an allen Zylindern"
"ITNMAXP","0x16306","Time duration for active alternative calibration of maximum engine speed","1x1","16 Bit (LoHi)","-","s","-","-","0.01","1.0","1.0","0.0","0.0","0x0","0x0","","","Zeitdauer für aktive alternative Abstimmung der Drehzahlbegrenzung"
"ITNMXH","0x16308","Dwell time under lower engine speed limit before activating the upper limit","1x1","16 Bit (LoHi)","-","s","-","-","0.01","1.0","1.0","655.35","655.35","0xffff","0xffff","Verweilzeit unterhalb unterer Drehzahlgrenze vor Aktivierung der oberen Grenze","Verweilzeit unterhalb unterer Drehzahlgrenze vor Aktivierung der oberen Grenze","Verweilzeit unterhalb unterer Drehzahlgrenze vor Aktivierung der oberen Grenze"
"NMAX (AR 1698C)","0x1630a","Maximum engine speed","1x1","16 Bit (LoHi)","-","RPM","-","-","0.25","1.0","1.0","6800.0","6800.0","0x6a40","0x6a40","Drehzahlbegrenzung","Drehzahlbegrenzung","Drehzahlbegrenzung"
"NMAXDV","0x1630c","Maximum engine speed on speed signal error detection","1x1","16 Bit (LoHi)","-","RPM","-","-","0.25","1.0","1.0","5000.0","5000.0","0x4e20","0x4e20","Drehzahlbegrenzung bei Fehlererkennung Geschwindigkeitssignal","","Drehzahlbegrenzung bei Fehlererkennung Geschwindigkeitssignal"
"NMAXDZ (AR 27F16)","0x1630e","Maximum engine speed on doubled ignition detection","1x1","16 Bit (LoHi)","-","RPM","-","-","0.25","1.0","1.0","10000.0","10000.0","0x9c40","0x9c40","Drehzahlgrenze bei doppelter Zündausgabe","Drehzahlgrenze bei doppelter Zündausgabe","Drehzahlgrenze bei doppelter Zündausgabe"
"NMAXNL (AR 27F04, RS4 165BC)","0x16310","Maximum engine speed on RPM gauge failure","1x1","16 Bit (LoHi)","-","RPM","-","-","0.25","1.0","1.0","6800.0","6800.0","0x6a40","0x6a40","Drehzahlgrenze bei Drehzahlgeber-Notlauf","Drehzahlgrenze, Drehzahlgeber-Notlauf","Drehzahlgrenze bei Drehzahlgeber-Notlauf"
"NMAXOG","0x16312","Raised maximum engine speed","2x1","16 Bit (LoHi)","-","RPM","-","-","0.25","1.0","1.0","1200.0","6800.0","0x12c0","0x6a40","","erhöhte Drehzahlgrenze","erhöhte Drehzahlgrenze"
"NMXDKPU","0x16314","Maximum engine speed on safety fuel cutoff (SKA)","1x1","16 Bit (LoHi)","-","U/min","-","-","0.25","1.0","1.0","1200.0","1200.0","0x12c0","0x12c0","","Maximaldrehzahl bei unbekannter Drosselklappenposition","Maximaldrehzahl bei Sicherheitskraftstoffabschaltung (SKA)"
"TMOTNMX","0x16316","Motor temperature threshold for activating the raised maximum engine speed","1x1","8 Bit","-","Grad C","-","-","0.75","1.0","1.0","143.25","143.25","0xff","0xff","Motortemperatur-Schwelle für Aktivierung der erhöhten Drehzahlgrenze","Temperaturschwelle für Aktivierung der erhöhten Drehzahlgrenze","Motortemperatur-Schwelle für Aktivierung der erhöhten Drehzahlgrenze"
"TNMAXP","0x16318","Dwell time in NMAX until changeover of calibration","1x1","16 Bit (LoHi)","-","s","-","-","0.01","1.0","1.0","655.34","655.34","0xfffe","0xfffe","","","Verweilzeit in NMAX bis zur Umschaltung der Abstimmung"
"TNMXH","0x1631a","Maximum time duration of raised maximum engine speed","1x1","16 Bit (LoHi)","-","s","-","-","0.01","1.0","1.0","0.0","0.0","0x0","0x0","Maximale Zeitdauer für erhöhte Drehzahlgrenze","Zeitdauer für erhöhte Drehzahlgrenze","Maximale Zeitdauer für erhöhte Drehzahlgrenze"
"RAMPASR","0x1631e","Ramp slope during devation regulation of ASR-torque","1x1","16 Bit (LoHi)","-","s","-","-","1.0","1.0","1.0","164.0","164.0","0xa4","0xa4","Rampensteilheit bei Aufregelung des ASR-Moments","Rampensteilheit bei Aufregelung des ASR-Moments","Rampensteilheit bei Aufregelung des ASR-Moments"
"LALIUSH (AR 171CE)","0x169f8","Lambda linearization, sensor behind cat","10x1","16 Bit (LoHi)","-","-","V","-","2.44E-4","0.004883","1.0","0.8744959999999999","1.03944","0xe00","0x10a4","Lambdalinearisierung, Sonde hinter Katalysator","Lambdalinearisierung, Sonde hinter Katalysator","Lambdalinearisierung, Sonde hinter Katalysator"
"KFZWMN (AR 17342)","0x16b28","Minimum ignition angle","12x16","8 Bit","-","degress CW","%","Upm","0.75","0.75","40.0","-39.0","16.5","0xcc","0x16","Min-Zündwinkel","Min-Zündwinkel","Min-Zündwinkel"
"KFZWMNST (AR 1742A)","0x16c10","Minimum firing angle for start and warm up","12x16","8 Bit","-","grad KW","%","Upm","0.75","0.75","40.0","-20.25","20.25","0xe5","0x1b","Min-Zündwinkel für Start und Nachstart","Min-Zündwinkel für Start und Nachstart","Min-Zündwinkel für Start und Nachstart"
"SpeedThreshold","0x17e00","Limits the speed where AntiLag is active. If vehicle speed is < SpeedThreshold, the AntiLag is enabled","1x1","16 Bit (LoHi)","-","km/h","-","-","0.007813","1.0","1.0","512.024955","512.024955","0xffff","0xffff","","",""
"LaunchRPM","0x17e02","Launch engine speed. If engine speed > LaunchRPM, the ignition is interrupted.","1x1","16 Bit (LoHi)","-","rpm","-","-","0.25","1.0","1.0","16383.75","16383.75","0xffff","0xffff","","",""
"IgnitionCutDuration","0x17e04","NLS Ignition cut duration","1x1","16 Bit (LoHi)","-","ms","-","-","20.0","1.0","1.0","1310700.0","1310700.0","0xffff","0xffff","","",""
"RPMThreshold","0x17e06","Minimum engine speed threshold for the NoLiftShift function. If the engine speed < RPMThreshold, NoLiftShift is disabled.","1x1","16 Bit (LoHi)","-","rpm","-","-","0.25","1.0","1.0","16383.75","16383.75","0xffff","0xffff","","",""
"AccPedalThreshold","0x17e08","Minimum accelerator pedal angle for NoLiftShift.","1x1","8 Bit","-","%PED","-","-","0.392157","1.0","1.0","100.000035","100.000035","0xff","0xff","","",""
"CDAGR","0x18194","Codeword: turn off DAGR (EURO-Coding), CD..=0 -> keine Diagnose","1x1","8 Bit","1 : 1 Umrechnug (dez/hex)","-","-","-","1.0","1.0","1.0","0.0","0.0","0x0","0x0","Codewort DAGR abschalten (EURO-Codierung), CD..=0 -> keine Diagnose","Codewort DAGR abschalten (EURO-Codierung), CD..=0 -> keine Diagnose","Codewort DAGR abschalten (EURO-Codierung), CD..=0 -> keine Diagnose"
"CDAGRL","0x18195","Codeword: turn off position (attitude?) sensor diag  (EURO-Coding), CD..=0 -> no Diag.","1x1","8 Bit","1 : 1 Umrechnug (dez/hex)","-","-","-","1.0","1.0","1.0","0.0","0.0","0x0","0x0","Codewort Diagnose Lagesensor abschalten (EURO-Codierung), CD..=0 -> keine Diag.","Codewort Diagnose Lagesensor abschalten (EURO-Codierung), CD..=0 -> keine Diag.","Codewort Diagnose Lagesensor abschalten (EURO-Codierung), CD..=0 -> keine Diag."
"CDATR","0x18196","Configuration byte: diagnose exhaust gas temperature regulation","1x1","8 Bit","1 : 1 Umrechnug (dez/hex)","-","-","-","1.0","1.0","1.0","1.0","1.0","0x1","0x1","Konfigurationsbyte Diagnose Abgastemperaturregelung","Konfigurationsbyte Diagnose Abgastemperaturregelung","Konfigurationsbyte Diagnose Abgastemperaturregelung"
"CDATS","0x18197","Configuration byte: Diagnose exhaust gas temperature sensor","1x1","8 Bit","1 : 1 Umrechnug (dez/hex)","-","-","-","1.0","1.0","1.0","1.0","1.0","0x1","0x1","Konfigurationsbyte Diagnose Abgastemperatursensor","Konfigurationsbyte Diagnose Abgastemperatursensor","Konfigurationsbyte Diagnose Abgastemperatursensor"
"CDBKVP","0x18198","Codeword: enable brake booster diagnosis DBKVP","1x1","8 Bit","1 : 1 Umrechnug (dez/hex)","-","-","-","1.0","1.0","1.0","0.0","0.0","0x0","0x0","","","Codewort zur Freigabe der Diagnose Bremskraftverstärker-Pumpe DBKVP"
"CDDSBKV","0x18199","Codeword for %DDSBKV","1x1","8 Bit","1 : 1 Umrechnug (dez/hex)","-","-","-","1.0","1.0","1.0","0.0","0.0","0x0","0x0","","","Codewort für %DDSBKV"
"CDDST","0x1819a","Codeword: turn off tank pressure sensor diagnosis (EURO-Coding)","1x1","8 Bit","1 : 1 Umrechnug (dez/hex)","-","-","-","1.0","1.0","1.0","0.0","0.0","0x0","0x0","Codewort Tankdrucksensor-Diagnose abschalten (EURO-Codierung)","Codewort Tankdrucksensor-Diagnose abschalten (EURO-Codierung)","Codewort Tankdrucksensor-Diagnose abschalten (EURO-Codierung)"
"CDEGFE","0x1819b","Codeword: diagnose registration of initial charge magnitudes","1x1","8 Bit","1 : 1 Umrechnug (dez/hex)","-","-","-","1.0","1.0","1.0","1.0","1.0","0x1","0x1","Codewort Diagnose Eingangsgrößen Füllungserfassung","","Codewort Diagnose Eingangsgrößen Füllungserfassung"
"CDEHFM","0x1819c","Codeword for %DHFM activation","1x1","8 Bit","1 : 1 Umrechnug (dez/hex)","-","-","-","1.0","1.0","1.0","1.0","1.0","0x1","0x1","Codewort zum Aktivieren der %DHFM","","Codewort zum Aktivieren der %DHFM"
"CDGGGTS","0x1819d","Codeword: GGGTS (coolant temperature gauge)","1x1","8 Bit","1 : 1 Umrechnug (dez/hex)","-","-","-","1.0","1.0","1.0","1.0","1.0","0x1","0x1","Codewort GGGTS (Kühlwassertemperatur über Kombi)","","Codewort GGGTS (Kühlwassertemperatur über Kombi)"
"CDHSH","0x1819e","Codeword: heater diagnosis behind cat (CDHSH = 0  => no Diag)","1x1","8 Bit","1 : 1 Umrechnug (dez/hex)","-","-","-","1.0","1.0","1.0","1.0","1.0","0x1","0x1","Codewort Heizerdiagnose hinter Kat (CDHSH = 0  => keine Diagnose)","Codewort Heizerdiagnose hinter Kat (CDHSH = 0  => keine Diagnose)","Codewort Heizerdiagnose hinter Kat (CDHSH = 0  => keine Diagnose)"
"CDHSHE","0x1819f","Eurobit for diagnosis of final stage of lambda sensor heater after cat","1x1","8 Bit","1 : 1 Umrechnug (dez/hex)","-","-","-","1.0","1.0","1.0","1.0","1.0","0x1","0x1","Eurobit für Diagnose Entstufe Lambdasondenheizung hinter Kat","Eurobit für Diagnose Entstufe Lambdasondenheizung hinter Kat","Eurobit für Diagnose Entstufe Lambdasondenheizung hinter Kat"
"CDHSV","0x181a0","Codeword: heater diagnosis before cat  (CDHSV = 0  => no Diag)","1x1","8 Bit","1 : 1 Umrechnug (dez/hex)","-","-","-","1.0","1.0","1.0","1.0","1.0","0x1","0x1","Codewort Heizerdiagnose vor Kat im (CDHSV = 0  => keine Diagnose)","Codewort Heizerdiagnose vor Kat im (CDHSV = 0  => keine Diagnose)","Codewort Heizerdiagnose vor Kat im (CDHSV = 0  => keine Diagnose)"
"CDHSVE","0x181a1","Codeword: DHLSE heater final stage diagnosis before cat","1x1","8 Bit","1 : 1 Umrechnug (dez/hex)","-","-","-","1.0","1.0","1.0","1.0","1.0","0x1","0x1","Codewort DHLSE Heizer Endstufe diagnose vor Kat","Codewort DHLSE Heizer Endstufe diagnose vor Kat","Codewort DHLSE Heizer Endstufe diagnose vor Kat"
"CDKAT","0x181a2","Codeword: Cat diagnosis in OBDII-Mode (inverse: EURO-Mode)","1x1","8 Bit","1 : 1 Umrechnug (dez/hex)","-","-","-","1.0","1.0","1.0","1.0","1.0","0x1","0x1","Codewort Katalysator-Diagnose im OBDII-Mode (invers: Europa-Mode)","Codewort Katalysator-Diagnose im OBDII-Mode (invers: Europa-Mode)","Codewort Katalysator-Diagnose im OBDII-Mode (invers: Europa-Mode)"
"CDKVS","0x181a3","Codeword: DKVS active/inactive, CD..=0 -> no Diag","1x1","8 Bit","1 : 1 Umrechnug (dez/hex)","-","-","-","1.0","1.0","1.0","1.0","1.0","0x1","0x1","Codeword DKVS aktiv/inaktiv, CD..=0 -> keine Diagnose","Codeword DKVS aktiv/inaktiv, CD..=0 -> keine Diagnose","Codeword DKVS aktiv/inaktiv, CD..=0 -> keine Diagnose"
"CDLASH","0x181a4","Codeword: lambda sensor aging diagnosis (SHK) im OBDII-Mode (inverse: EURO-Mode)","1x1","8 Bit","1 : 1 Umrechnug (dez/hex)","-","-","-","1.0","1.0","1.0","1.0","1.0","0x1","0x1","Codewort Lambdasondenalterungsdiagnose (SHK) im OBDII-Mode (invers: Europa-Mode)","Codewort Lambdasondenalterungsdiagnose (SHK) im OBDII-Mode (invers: Europa-Mode)","Codewort Lambdasondenalterungsdiagnose (SHK) im OBDII-Mode (invers: Europa-Mode)"
"CDLATP","0x181a5","Codeword: lambda sensor aging diagnosis (TP) im OBDII-Mode (inverse: EURO-Mode)","1x1","8 Bit","1 : 1 Umrechnug (dez/hex)","-","-","-","1.0","1.0","1.0","1.0","1.0","0x1","0x1","Codewort Lambdasondenalterungsdiagnose (TP) im OBDII-Mode (invers: Europa-Mode)","Codewort Lambdasondenalterungsdiagnose (TP) im OBDII-Mode (invers: Europa-Mode)","Codewort Lambdasondenalterungsdiagnose (TP) im OBDII-Mode (invers: Europa-Mode)"
"CDLATV","0x181a6","Codeword: lambda sensor aging diagnosis (tv) im OBDII-Mode (inverse: EURO-Mode)","1x1","8 Bit","1 : 1 Umrechnug (dez/hex)","-","-","-","1.0","1.0","1.0","1.0","1.0","0x1","0x1","Codewort Lambdasondenalterungsdiagnose (tv) im OBDII-Mode (invers: Europa-Mode)","Codewort Lambdasondenalterungsdiagnose (tv) im OBDII-Mode (invers: Europa-Mode)","Codewort Lambdasondenalterungsdiagnose (tv) im OBDII-Mode (invers: Europa-Mode)"
"CDLDP","0x181a7","Codeword: LDP-Diagnosis in OBDII-Mode (inverse: EURO-Mode), CD..=0 -> no Dia","1x1","8 Bit","1 : 1 Umrechnug (dez/hex)","-","-","-","1.0","1.0","1.0","1.0","1.0","0x1","0x1","Codewort LDP-Diagnose im OBDII-Modus (invers: Europa-Modus), CD..=0 -> keine Dia","Codewort LDP-Diagnose im OBDII-Modus (invers: Europa-Modus), CD..=0 -> keine Dia","Codewort LDP-Diagnose im OBDII-Modus (invers: Europa-Modus), CD..=0 -> keine Dia"
"CDLLR","0x181a8","Codeword: turn off DLLR (EURO-Coding), CD..=0 -> no Diag","1x1","8 Bit","1 : 1 Umrechnug (dez/hex)","-","-","-","1.0","1.0","1.0","1.0","1.0","0x1","0x1","Codewort DLLR abschalten (EURO-Codierung), CD..=0 -> keine Diagnose","Codewort DLLR abschalten (EURO-Codierung), CD..=0 -> keine Diagnose","Codewort DLLR abschalten (EURO-Codierung), CD..=0 -> keine Diagnose"
"CDLSA","0x181a9","Codeword: lambda sensor aging diagnosis, config.-byte, for application purposes","1x1","8 Bit","1 : 1 Umrechnug (dez/hex)","-","-","-","1.0","1.0","1.0","1.0","1.0","0x1","0x1","Codewort Lambdasondenalterungsdiagnose, Konfig.-byte, für Applikationszwecke","Codewort Lambdasondenalterungsdiagnose, Konfig.-byte, für Applikationszwecke","Codewort Lambdasondenalterungsdiagnose, Konfig.-byte, für Applikationszwecke"
"CDLSH","0x181aa","Codeword: sensor diagnosis behind cat in OBDII-Mode (inverse: EURO-Mode)","1x1","8 Bit","1 : 1 Umrechnug (dez/hex)","-","-","-","1.0","1.0","1.0","1.0","1.0","0x1","0x1","Codewort Sondendiagnose hinter Kat im OBDII-Mode (invers: Europa-Mode)","Codewort Sondendiagnose hinter Kat im OBDII-Mode (invers: Europa-Mode)","Codewort Sondendiagnose hinter Kat im OBDII-Mode (invers: Europa-Mode)"
"CDLSHV","0x181ab","Codeword: Lambda sensor interchange recognition","1x1","8 Bit","1 : 1 Umrechnug (dez/hex)","-","-","-","1.0","1.0","1.0","1.0","1.0","0x1","0x1","Codewort Diagnose Lambdasondenvertauscherkennung","","Codewort Diagnose Lambdasondenvertauscherkennung"
"CDLSV","0x181ac","Codeword: sensor diagnosis before cat in OBDII-Mode","1x1","8 Bit","1 : 1 Umrechnug (dez/hex)","-","-","-","1.0","1.0","1.0","1.0","1.0","0x1","0x1","Codewort Sondendiagnose vor KAT im OBDII-Mode","Codewort Sondendiagnose vor KAT im OBDII-Mode","Codewort Sondendiagnose vor KAT im OBDII-Mode"
"CDLSVV","0x181ad","Codeword: turn off diagnosis for interchaged sensors before cat in OBDII-Mode (inverse: EURO-Mode)","1x1","8 Bit","1 : 1 Umrechnug (dez/hex)","-","-","-","1.0","1.0","1.0","0.0","0.0","0x0","0x0","Codewort Diagnose vertauschte Sonden vor Kat im OBDII-Mode (invers: Europa-Mode)","Codewort Diagnose vertauschte Sonden vor Kat im OBDII-Mode (invers: Europa-Mode)","Codewort Diagnose vertauschte Sonden vor Kat im OBDII-Mode (invers: Europa-Mode)"
"CDMD","0x181ae","Codeword: turn off DMD (EURO-Coding), CD..=0 -> no Diagnose","1x1","8 Bit","1 : 1 Umrechnug (dez/hex)","-","-","-","1.0","1.0","1.0","1.0","1.0","0x1","0x1","Codewort DMD abschalten (EURO-Codierung), CD..=0 -> keine Diagnose","Codewort DMD abschalten (EURO-Codierung), CD..=0 -> keine Diagnose","Codewort DMD abschalten (EURO-Codierung), CD..=0 -> keine Diagnose"
"CDNWS","0x181af","Codeword: turn off DNWS (EURO-Coding), CD..=0 -> no Diagnose","1x1","8 Bit","1 : 1 Umrechnug (dez/hex)","-","-","-","1.0","1.0","1.0","1.0","1.0","0x1","0x1","Codewort DNWS abschalten (EURO-Codierung), CD..=0 -> keine Diagnose","Codewort DNWS abschalten (EURO-Codierung), CD..=0 -> keine Diagnose","Codewort DNWS abschalten (EURO-Codierung), CD..=0 -> keine Diagnose"
"CDSLS","0x181b0","Euro-Byte for secondary air system diagnosis","1x1","8 Bit","1 : 1 Umrechnug (dez/hex)","-","-","-","1.0","1.0","1.0","0.0","0.0","0x0","0x0","Euro-Byte für Diagnose Sekundärluft-System","Euro-Byte für Diagnose Sekundärluft-System","Euro-Byte für Diagnose Sekundärluft-System"
"CDTANKL","0x181b1","Codeword: turn off DTANKL (EURO-Coding), CD..=0 -> no Diagnose","1x1","8 Bit","1 : 1 Umrechnug (dez/hex)","-","-","-","1.0","1.0","1.0","1.0","1.0","0x1","0x1","Codewort DTANKL abschalten (EURO-Codierung), CD..=0 -> keine Diagnose","Codewort DTANKL abschalten (EURO-Codierung), CD..=0 -> keine Diagnose","Codewort DTANKL abschalten (EURO-Codierung), CD..=0 -> keine Diagnose"
"CDTES","0x181b2","Codeword: turn off tank venting diagnosis (EURO-Coding), CD..=0 ->no Dia","1x1","8 Bit","1 : 1 Umrechnug (dez/hex)","-","-","-","1.0","1.0","1.0","1.0","1.0","0x1","0x1","Codewort Tankentlüftungsdiagnose abschalten (EURO-Codierung), CD..=0 ->keine Dia","Codewort Tankentlüftungsdiagnose abschalten (EURO-Codierung), CD..=0 ->keine Dia","Codewort Tankentlüftungsdiagnose abschalten (EURO-Codierung), CD..=0 ->keine Dia"
"CDWVERAD","0x181b3","Codeword: blocking of adaptation requirements dmvadll for AG","1x1","8 Bit","1 : 1 Umrechnug (dez/hex)","-","-","-","1.0","1.0","1.0","0.0","0.0","0x0","0x0","Codewort : Sperrung Bedarfsadaption dmvadll für AG","Codewort : Sperrung Bedarfsadaption dmvadll für AG","Codewort : Sperrung Bedarfsadaption dmvadll für AG"
"-","0x18267","Axis: RPM (knock regulation)","16x1","8 Bit","-","Upm","-","-","40.0","1.0","1.0","400.0","6400.0","0xa","0xa0","","",""
"-","0x18292","Axis: Load KFLAMKR, KFLAMKRL, KFLAFWL","6x1","8 Bit","-","%","-","-","0.75","1.0","1.0","80.25","137.25","0x6b","0xb7","","",""
"-","0x182b7","Axis: Load (EGT enrich)","12x1","8 Bit","-","%","-","-","0.75","1.0","1.0","55.5","191.25","0x4a","0xff","","",""
"KFFMSML_0_A (AR 1835B)","0x18371","Exhaust backpressure correction of the secondary air mass","8x8","8 Bit","-","-","%","Upm","0.007813","0.75","40.0","0.0","1.1797630000000001","0x0","0x97","Abgasgegendruckkorrektur der Sekundärluftmasse","",""
"CWDLSAHK","0x18663","Code word for probe aging after KAT","1x1","8 Bit","-","-","-","-","1.0","1.0","1.0","3.0","3.0","0x3","0x3","Codewort CWDLSAHK für Alterung Sonde hinter KAT","Codewort für Einmalprüfung Alterung Sonde hinter KAT für Applikationszwecke","Codewort CWDLSAHK für Alterung Sonde hinter KAT"
"UADPLMN","0x1881e","Min voltage value for diagnosis - boost pressure sensor (limp)","1x1","8 Bit","-","V","-","-","0.019531","1.0","1.0","0.136717","0.136717","0x7","0x7","min. Spannungswert für Diagnose Drucksensor Ladedruck","min. Spannungswert für Diagnose Drucksensor Ladedruck","min. Spannungswert für Diagnose Drucksensor Ladedruck"
"UADPLMX","0x1881f","Max voltage value for diagnosis - boost pressure sensor (limp)","1x1","8 Bit","-","V","-","-","0.019531","1.0","1.0","4.88275","4.88275","0xfa","0xfa","max. Spannungswert für Diagnose Drucksensor Ladedruck","max. Spannungswert für Diagnose Drucksensor Ladedruck","max. Spannungswert für Diagnose Drucksensor Ladedruck"
"UADPUMN","0x18820","Min voltage value for diagnosis - boost pressure sensor","1x1","8 Bit","-","V","-","-","0.019531","1.0","1.0","0.136717","0.136717","0x7","0x7","min. Spannungswert für Diagnose Drucksensor","min. Spannungswert für Diagnose Drucksensor","min. Spannungswert für Diagnose Drucksensor"
"UADPUMX","0x18821","Max voltage value for diagnosis - boost pressure sensor","1x1","8 Bit","-","V","-","-","0.019531","1.0","1.0","4.88275","4.88275","0xfa","0xfa","max. Spannungswert für Diagnose Drucksensor","max. Spannungswert für Diagnose Drucksensor","max. Spannungswert für Diagnose Drucksensor"
"FWFTBRTA","0x1886a","Weight of ftbr dependent on IAT","14x1","8 Bit","-","-","Grad C","-","0.007813","0.75","1.0","0.85943","1.046942","0x6e","0x86","Wichtung ftbr in Abhängigkeit von tans","Wichtung ftbr in Abhängigkeit von tans","Wichtung ftbr in Abhängigkeit von tans"
"KFFWTBR","0x1888c","Weighting factor Tans/Tmot for combustion temperature model","8x10","8 Bit","-","-","Upm","%","0.003906","40.0","0.75","0.019530000000000002","0.35154","0x5","0x5a","Wichtungsfaktor Tans/Tmot für Brennraumtemperaturmodell","Wichtungsfaktor Tans/Tmot für Brennraumtemperaturmodell","Wichtungsfaktor Tans/Tmot für Brennraumtemperaturmodell"
"KFNW","0x18964","Map for variable cam timing","8x12","8 Bit","-","-","%","Upm","0.007813","0.75","40.0","0.0","1.000064","0x0","0x80","","","Kennfeld für variable Nockenwellenspreizung"
"KFNWWL","0x189da","Map for variable cam timing during warmup","8x12","8 Bit","-","-","%","Upm","0.007813","0.75","40.0","0.0","1.000064","0x0","0x80","","","Kennfeld Nockenwellensteuerung im Warmlauf"
"KFLF (AR 18E30)","0x18a9a","Lambda map at partial load","16x12","8 Bit","-","-","%","Upm","0.007813","0.75","40.0","0.8516170000000001","1.023503","0x6d","0x83","Lambdakennfeld bei Teillast","Lambdakennfeld bei Teillast","Lambdakennfeld bei Teillast"
"FNSA_0_A","0x18b5a","Afterstart enrich","6x1","8 Bit","-","-","Grad C","-","0.007813","0.75","1.0","0.250016","0.500032","0x20","0x40","","","Nachstartanhebung"
"FNSA_1_A","0x18b60","Afterstart enrich","6x1","8 Bit","-","-","Grad C","-","0.007813","0.75","1.0","0.250016","0.500032","0x20","0x40","","","Nachstartanhebung"
"KFWEE (RS4 18E25)","0x18bc7","Map: Injection cutoff angle","8x8","8 Bit","-","Grad KW","Upm","%","6.0","40.0","0.75","150.0","354.0","0x19","0x3b","Kennfeld Winkel Einspritzende","Kennfeld Winkel Einspritzende","Kennfeld Winkel Einspritzende"
"KFWEEK (RS4 18E65)","0x18c07","Map: Injection cutoff angle (cold)","8x8","8 Bit","-","Grad KW","Upm","%","6.0","40.0","0.75","150.0","354.0","0x19","0x3b","Kennfeld-Kalt Winkel Einspritzende","Kennfeld-Kalt Winkel Einspritzende","Kennfeld-Kalt Winkel Einspritzende"
"KFFWL_0_A (AR 19093)","0x18cef","Map: warm up enrichment factor","12x12","8 Bit","-","-","Grad C","Grad C","0.007813","0.75","0.75","0.0","1.4063400000000001","0x0","0xb4","Kennfeld Warmlauffaktor","","Kennfeld Warmlauffaktor"
"KFFWL_1_A (AR 19123)","0x18d7f","Map: warm up enrichment factor","12x12","8 Bit","-","-","Grad C","Grad C","0.007813","0.75","0.75","0.0","1.4063400000000001","0x0","0xb4","Kennfeld Warmlauffaktor","","Kennfeld Warmlauffaktor"
"CWLAMFAW","0x18ecb","Codeword LAMFAW","1x1","8 Bit","1 : 1 Umrechnug (dez/hex)","-","-","-","1.0","1.0","1.0","1.0","1.0","0x1","0x1","Codeword LAMFAW","Codeword LAMFAW","Codeword LAMFAW"
"DLAMFAW","0x18ecc","Threshold for driver requested enrichment","1x1","8 Bit","-","-","-","-","0.007813","1.0","1.0","0.0","0.0","0x0","0x0","Schwellwert für Aktivierung Anfettung über Fahrerwunsch","Schwellwert für Aktivierung Anfettung über Fahrerwunsch","Schwellwert für Aktivierung Anfettung über Fahrerwunsch"
"KFLAFWL","0x18ed4","Offset Lambda-Motor-Soll","6x8","8 Bit","-","-","%","Grad C","0.0078125","0.75","0.75","0.0","0.0","0x0","0x0","Offset Lambda-Motor-Soll","Offset Lambda-Motor-Soll","Offset Lambda-Motor-Soll"
"KFLAMKR","0x18f04","Weighting factor for enrichment on ignition retard","6x6","8 Bit","-","-","%","Upm","0.007813","0.75","40.0","0.0","1.101633","0x0","0x8d","Wichtungsfaktor für Anfettung bei Zündwinkelspätverstellung","Wichtungsfaktor für Anfettung bei Zündwinkelspätverstellung","Wichtungsfaktor für Anfettung bei Zündwinkelspätverstellung"
"KFLAMKRL","0x18f28","Enrichment on ignition retard (AFR)","6x6","8 Bit","-","-","%","grad KW","0.114844","0.75","-0.75","13.78128","14.700032","0x78","0x80","Anfettung bei Zündwinkelspätverstellung","Anfettung bei Zündwinkelspätverstellung","Anfettung bei Zündwinkelspätverstellung"
"KFLAMKRL","0x18f28","Enrichment on ignition retard","6x6","8 Bit","-","-","%","grad KW","0.007813","0.75","-0.75","0.9375600000000001","1.000064","0x78","0x80","Anfettung bei Zündwinkelspätverstellung","Anfettung bei Zündwinkelspätverstellung","Anfettung bei Zündwinkelspätverstellung"
"KFFDLBTS_0_A (AR 196A0)","0x19147","Factor delta desired lambda for component protection","16x12","8 Bit","-","%","Upm","%","0.007813","40.0","0.75","0.0","1.992315","0x0","0xff","Faktor Delta Lambdasoll für Bauteileschutz","",""
"KFLBTS_0_A (AR 19820)","0x19207","Desired Lambda for component protection","16x12","8 Bit","-","-","Upm","%","0.007813","40.0","0.75","0.62504","1.000064","0x50","0x80","Lambdasoll für Bauteileschutz","",""
"KFLBTS_0_A (AR 19820)","0x19207","Desired AFR for component protection","16x12","8 Bit","-","-","Upm","%","0.114844","40.0","0.75","9.18752","14.700032","0x50","0x80","Lambdasoll für Bauteileschutz","",""
"FKHABMN","0x1937d","Threshold for down regulation of cat heater","1x1","8 Bit","-","-","-","-","0.003906","1.0","1.0","0.10155600000000001","0.10155600000000001","0x1a","0x1a","Schwelle Abregelfaktor Katheizen","Schwelle Abregelfaktor Katheizen","Schwelle Abregelfaktor Katheizen"
"TKHLLAB","0x193b1","Debounce time for end of cat heater cycles per min during idle","1x1","8 Bit","-","s","-","-","0.1","1.0","1.0","10.0","10.0","0x64","0x64","Entprellzeit für Ende Katheizdrehzahl im LL","Entprellzeit für Ende Katheizdrehzahl im LL","Entprellzeit für Ende Katheizdrehzahl im LL"
"DWKRMSN (AR 19DAD)","0x195e4","Delta angle knock regulation offset for average retard","16x1","8 Bit","-","grad KW","Upm","-","-0.75","40.0","1.0","-1.5","-3.75","0x2","0x5","delta Winkel KR Abstand zur gemittelten Spätverstellung","delta Winkel KR Abstand zur gemittelten Spätverstellung","delta Winkel KR Abstand zur gemittelten Spätverstellung"
"KRALH (AR 19DED)","0x19624","Knock regulation - Load hysteresis","1x1","8 Bit","-","%","-","-","0.75","1.0","1.0","3.75","3.75","0x5","0x5","Klopfregeladaption Lasthysterese","Klopfregeladaption Lasthysterese","Klopfregeladaption Lasthysterese"
"KRANH (AR 19DF2)","0x19629","Knock regulation - Engine speed hysteresis","1x1","8 Bit","-","Upm","-","-","40.0","1.0","1.0","120.0","120.0","0x3","0x3","Klopfregeladaption Drehzahlhysterese","Klopfregeladaption Drehzahlhysterese","Klopfregeladaption Drehzahlhysterese"
"KRDWSN (AR 19DF3)","0x1962a","Knock regulation delta - angle safety","16x1","8 Bit","-","grad KW","Upm","-","-0.75","40.0","1.0","-12.0","-12.0","0x10","0x10","Klopfregelung delta - Winkel Sicherheit","Klopfregelung delta - Winkel Sicherheit","Klopfregelung delta - Winkel Sicherheit"
"KRFKLN or KRFKN (AR 19e03 or 19e13)","0x1963a","Ignition retard per knock event","16x1","8 Bit","-","grad KW","Upm","-","-0.75","40.0","1.0","-1.5","-3.0","0x2","0x4","Spätverstellung pro Klopfereignis bei langsamer Frühverstellung","Spätverstellung pro Klopfereignis bei langsamer Frühverstellung",""
"KRMXN (AR 19E33)","0x1964a","Maximum ignition retard","16x1","8 Bit","-","grad KW","Upm","-","-0.75","40.0","1.0","-15.0","-15.0","0x14","0x14","maximale Spätverstellung","maximale Spätverstellung","maximale Spätverstellung"
"FTLDIA","0x19707","Factor for adaptation enable debounce time","1x1","8 Bit","-","-","-","-","0.007813","1.0","1.0","0.750048","0.750048","0x60","0x60","Faktor für Entprellzeit Adaptionsfreigabe","Faktor für Entprellzeit Adaptionsfreigabe","Faktor für Entprellzeit Adaptionsfreigabe"
"FTLDIAP","0x19708","Factor for adaptation: rapid positive tracking","1x1","8 Bit","-","-","-","-","0.007813","1.0","1.0","0.250016","0.250016","0x20","0x20","Faktor für Entprellzeit schnelle positive Nachführung","Faktor für Entprellzeit schnelle positive Nachführung","Faktor für Entprellzeit schnelle positive Nachführung"
"KFLDIOPU","0x19709","TV correction due to altitude effect on ambient pressure","8x8","8 Bit","-","%","hPa","Upm","0.64","5.0","40.0","0.0","19.84","0x0","0x1f","Korrektur der TV-Werte durch Höheneinfluß","Korrektur der TV-Werte durch Höheneinfluß","Korrektur der TV-Werte durch Höheneinfluß"
"KFWPLGTA (AR 19F23)","0x19749","Map for weighting factor of reference boost pressure as a function of IAT","8x8","8 Bit","-","-","Grad C","U/min","0.007813","0.75","0.25","1.000064","1.000064","0x80","0x80","Kennfeld für Wichtungsfaktor Grundladedruck als f(tans)","","Kennfeld für Wichtungsfaktor Grundladedruck als f(tans)"
"LDEIAO","0x19789","Upper regulation deviation threshold for negative adjustment","1x1","8 Bit","-","hPa","-","-","10.0","1.0","1.0","20.0","20.0","0x2","0x2","Obere Regelabweichungsschwelle für Negativ-Verstellung","Obere Regelabweichungsschwelle für Negativ-Verstellung","Obere Regelabweichungsschwelle für Negativ-Verstellung"
"LDEIAP","0x1978a","Regulation deviation threshold for positive adaption I-Regulation","1x1","8 Bit","-","hPa","-","-","10.0","1.0","1.0","-20.0","-20.0","0xfe","0xfe","Regelabweichungsschwelle für  Positiv Adaption I-Regler","Regelabweichungsschwelle für  Positiv Adaption I-Regler","Regelabweichungsschwelle für  Positiv Adaption I-Regler"
"LDEIAPS","0x1978b","Regulation deviation threshold for rapid positive set point tracing","1x1","8 Bit","-","hPa","-","-","10.0","1.0","1.0","120.0","120.0","0xc","0xc","Regelabweichungsschwelle für schnelle Positiv-Nachführung","Regelabweichungsschwelle für schnelle Positiv-Nachführung","Regelabweichungsschwelle für schnelle Positiv-Nachführung"
"LDEIAU","0x1978c","Lower regulation deviation threshold for negative adjustment","1x1","8 Bit","-","hPa","-","-","10.0","1.0","1.0","-100.0","-100.0","0xf6","0xf6","Untere Regelabweichungsschwelle für Negativ-Verstellung","Untere Regelabweichungsschwelle für Negativ-Verstellung","Untere Regelabweichungsschwelle für Negativ-Verstellung"
"LDHIA","0x1978d","Hysteresis for LDR I-Adaption curve","1x1","8 Bit","-","Upm","-","-","40.0","1.0","1.0","120.0","120.0","0x3","0x3","Hysterese für LDR I-Adaptionskennlinie","Hysterese für LDR I-Adaptionskennlinie","Hysterese für LDR I-Adaptionskennlinie"
"LDHIA","0x1978d","Hysteresis for I-Adaptation characteristic","1x1","8 Bit","-","Upm","-","-","40.0","1.0","1.0","120.0","120.0","0x3","0x3","Hysterese für LDR I-Adaptionskennlinie","Hysterese für LDR I-Adaptionskennlinie","Hysterese für LDR I-Adaptionskennlinie"
"LDIATA","0x1978e","LDR I-Regulator limit correction as a function of IAT","8x1","8 Bit","-","%","Grad C","-","0.64","0.75","1.0","-2.56","2.56","0xfc","0x4","Korrektur I-Begrenzung LDR PID Rgler als Funktion von Tans","Korrektur I-Begrenzung LDR PID Rgler als Funktion von Tans","Korrektur I-Begrenzung LDR PID Rgler als Funktion von Tans"
"NLDIAPU","0x1979a","RPM threshold for I-Limit adaptation","2x1","8 Bit","-","Upm","hPa","-","40.0","5.0","1.0","2160.0","2600.0","0x36","0x41","Drehzahlschwelle für Adaption I-Begrenzung","Drehzahlschwelle für Adaption I-Begrenzung","Drehzahlschwelle für Adaption I-Begrenzung"
"TLDIAN","0x197a0","Debounce time for negative I-Adaptation tracking ","1x1","8 Bit","-","s","-","-","0.05","1.0","1.0","0.5","0.5","0xa","0xa","Entprellzeit für Nachführung I-Adaption negativ","Entprellzeit für Nachführung I-Adaption negativ","Entprellzeit für Nachführung I-Adaption negativ"
"TLDIAPN","0x197a1","Debounce time for negative I-Adaptation tracking","8x1","8 Bit","-","s","Upm","-","0.05","40.0","1.0","1.1","6.0","0x16","0x78","Entprellzeit für Nachführung I-Adaption positiv","Entprellzeit für Nachführung I-Adaption positiv","Entprellzeit für Nachführung I-Adaption positiv"
"UMDYLDR","0x197a9","Changeover deviation threshold for dynamic LDR","1x1","8 Bit","-","hPa","-","-","10.0","1.0","1.0","100.0","100.0","0xa","0xa","Umschaltschwelle Dynamik LDR","Umschaltschwelle Dynamik LDR","Umschaltschwelle Dynamik LDR"
"ELDOB (AR 19FC4)","0x197aa","Regulation deviation threshold for starting LDR overboost active timer","1x1","8 Bit","-","hPa","-","-","10.0","1.0","1.0","50.0","50.0","0x5","0x5","Regelabweichungsschwelle für Start Zeitzähler LDR-Overboost activ","Regelabweichungsschwelle für Start Zeitzähler LDR-Overboost activ","Regelabweichungsschwelle für Start Zeitzähler LDR-Overboost activ"
"KFLDRXO","0x197c2","Delta load (rl) under overboost condition","4x8","8 Bit","-","%","Grad C","Upm","0.75","0.75","40.0","0.0","0.0","0x0","0x0","Delta Füllung (rl) im Overboostbetrieb","Delta Füllung (rl) im Overboostbetrieb","Delta Füllung (rl) im Overboostbetrieb"
"TABLDOBN","0x197e2","Down regulation interval for LDR overboost","8x1","8 Bit","-","s","Upm","-","1.0","40.0","1.0","3.0","3.0","0x3","0x3","Abregelzeit für LDR-Overboost","Abregelzeit für LDR-Overboost","Abregelzeit für LDR-Overboost"
"TLDOBAN","0x197ea","Time for LDR overboost active","8x1","8 Bit","-","s","Upm","-","1.0","40.0","1.0","8.0","12.0","0x8","0xc","Zeit für LDR-Overboost aktiv","Zeit für LDR-Overboost aktiv","Zeit für LDR-Overboost aktiv"
"TLDOBN","0x197f2","Off time for overboost","8x1","8 Bit","-","s","Upm","-","0.05","40.0","1.0","0.0","6.0","0x0","0x78","Sperrzeit für LDR-Overboost","Sperrzeit für LDR-Overboost","Sperrzeit für LDR-Overboost"
"KFLDHBN (AR 28238)","0x19816","LDR altitude limitation (maximum pressure ratio)","8x8","8 Bit","-","-","Grad C","Upm","0.015625","0.75","40.0","1.703125","3.0","0x6d","0xc0","LDR-Höhenbegrenzung (max. Verdichterdruckverhältnis)","LDR-Höhenbegrenzung (max. Verdichterdruckverhältnis)","LDR-Höhenbegrenzung (max. Verdichterdruckverhältnis)"
"LDORXN (AR 1A016)","0x19856","Maximum load at E_ldo LDR (overboost error)","8x1","8 Bit","-","%","Upm","-","0.75","40.0","1.0","90.0","114.75","0x78","0x99","Maximalfuellung LDR bei E_ldo (Überladefehler)","Maximalfuellung LDR bei E_ldo (Überladefehler)","Maximalfuellung LDR bei E_ldo (Überladefehler)"
"LDPBN (AR 1A01E)","0x1985e","LDR pressure limit at too high a temperature engine","8x1","8 Bit","-","hPa","Upm","-","10.0","40.0","1.0","1350.0","1550.0","0x87","0x9b","LDR p-Begrenzung bei zu hoher Motortemperatur","LDR p-Begrenzung bei zu hoher Motortemperatur","LDR p-Begrenzung bei zu hoher Motortemperatur"
"RLKRLDA","0x19866","rl threshold for slow LDR-intervention (adaptation)","8x1","8 Bit","-","%","Upm","-","0.75","40.0","1.0","80.25","99.75","0x6b","0x85","Rl-Schwelle für langsamen LDR-Eingriff (Adaption)","Rl-Schwelle für langsamen LDR-Eingriff (Adaption)","Rl-Schwelle für langsamen LDR-Eingriff (Adaption)"
"KFLDRAPP (AR 1A042)","0x19880","Map for LDR application without Md-coordination","8x8","8 Bit","-","%","% PED","Upm","0.390625","0.392157","40.0","0.0","98.828125","0x0","0xfd","Kennfeld für LDR-Applikation ohne Md-Koordination","Kennfeld für LDR-Applikation ohne Md-Koordination","Kennfeld für LDR-Applikation ohne Md-Koordination"
"EDLDRP","0x198f2","Control deviation threshold for LDR-positive deviation diagnosis","1x1","8 Bit","-","hPa","-","-","10.0","1.0","1.0","100.0","100.0","0xa","0xa","Schwelle Regelabweichung für Diagnose LDR-Regelabweichung positiv","Schwelle Regelabweichung für Diagnose LDR-Regelabweichung positiv","Schwelle Regelabweichung für Diagnose LDR-Regelabweichung positiv"
"KFDLULS (AR 1A0CB)","0x19905","Delta pressure for overboost protection diagnosis","8x8","8 Bit","-","hPa","hPa","RPM","5.0","10.0","40.0","250.0","1000.0","0x32","0xc8","Delta Druck für Überladeschutzdiagnose","Delta Druck für Überladeschutzdiagnose","Delta Druck für Überladeschutzdiagnose"
"KFVPDKLD (AR 1A123, RS4 19B5A)","0x19957","Maximum permissible pressure ratio DK for ldra diagnosis?","8x8","8 Bit","-","-","% DK","Upm","0.015625","0.392157","40.0","0.5","1.1875","0x20","0x4c","Max. zulässiges Druckverhältnis DK für ldra Diagnose","Max. zulässiges Druckverhältnis DK für ldra Diagnose","Max. zulässiges Druckverhältnis DK für ldra Diagnose"
"NDLDRAPU","0x1999a","RPM threshold for LDRA failure path and healing LDO failure path","2x1","8 Bit","-","Upm","hPa","-","40.0","5.0","1.0","2600.0","3000.0","0x41","0x4b","Drehzahlschwelle für LDRA Fehlerpfad und Heilung LDO Fehlerpfad","Drehzahlschwelle für LDRA Fehlerpfad und Heilung LDO Fehlerpfad","Drehzahlschwelle für LDRA Fehlerpfad und Heilung LDO Fehlerpfad"
"SDLDRL (RS4 19BD9)","0x1999c","Minimum charge LDR for DIA LDR maximum permitted pressure","1x1","8 Bit","-","%","-","-","0.75","1.0","1.0","84.75","84.75","0x71","0x71","Mindestfuellung LDR fuer DIA LDR maximal zulaessiger Druck","Mindestfuellung LDR fuer DIA LDR maximal zulaessiger Druck","Mindestfuellung LDR fuer DIA LDR maximal zulaessiger Druck"
"TDLDRA (RS4 19BDA)","0x1999d","Time threshold for Dia LDR - control deviation","1x1","8 Bit","-","s","-","-","0.05","1.0","1.0","1.5","1.5","0x1e","0x1e","Zeitschwelle für Dia LDR - Regelabweichung","Zeitschwelle für Dia LDR - Regelabweichung","Zeitschwelle für Dia LDR - Regelabweichung"
"TDLDRA2 (RS4 19BDB)","0x1999e","Time threshold for Dia LDR - control deviation (B_mxldra)","1x1","8 Bit","-","s","-","-","0.05","1.0","1.0","0.65","0.65","0xd","0xd","Zeitschwelle für Dia LDR - Regelabweichung (B_mxldra)","Zeitschwelle für Dia LDR - Regelabweichung (B_mxldra)","Zeitschwelle für Dia LDR - Regelabweichung (B_mxldra)"
"TLDRA (RS4 19BE0)","0x1999f","Delay time for Dia LDR control deviation detection cycle flag","1x1","8 Bit","-","s","-","-","0.05","1.0","1.0","1.0","1.0","0x14","0x14","Verzögerungszeit fuer Dia LDR Regelabweichung Erkennung Zyklusflag","Verzögerungszeit fuer Dia LDR Regelabweichung Erkennung Zyklusflag","Verzögerungszeit fuer Dia LDR Regelabweichung Erkennung Zyklusflag"
"TULV1 (RS4 19BE1)","0x199a0","Overboost cutoff delay, ti attenuation step 1","1x1","8 Bit","-","s","-","-","0.05","1.0","1.0","0.5","0.5","0xa","0xa","Verzögerung Überladeabschneiden, ti-Ausblengung Stufe 1","Verzögerung Überladeabschneiden, ti-Ausblengung Stufe 1","Verzögerung Überladeabschneiden, ti-Ausblengung Stufe 1"
"TULV3 (RS4 19BE0)","0x199a1","Delay time for overboost failure recovery","1x1","8 Bit","-","s","-","-","0.05","1.0","1.0","1.0","1.0","0x14","0x14","Verzögerungszeit für Heilung Überladefehler","Verzögerungszeit für Heilung Überladefehler","Verzögerungszeit für Heilung Überladefehler"
"KFNLLNST (AR 1A273)","0x19a1b","Idle speed progression after start","6x6","8 Bit","-","U/min","Grad C","s","10.0","0.75","1.0","0.0","1460.0","0x0","0x92","Drehzahlverlauf nach Start","Drehzahlverlauf nach Start","Drehzahlverlauf nach Start"
"NFSM (AR 1A2A4)","0x19a58","Desired idle speed when in gear","6x1","8 Bit","-","U/min","Grad C","-","10.0","0.75","1.0","700.0","1100.0","0x46","0x6e","Solldrehzahl Fahrstufenschalter ein","Solldrehzahl Fahrstufenschalter ein","Solldrehzahl Fahrstufenschalter ein"
"NLL2M_0_A","0x19a5f","Desired idle speed 2","6x1","8 Bit","-","U/min","Grad C","-","10.0","0.75","1.0","850.0","1150.0","0x55","0x73","","Solldrehzahl 2","Solldrehzahl 2"
"NLL2M_1_A","0x19a65","Desired idle speed 2","6x1","8 Bit","-","U/min","Grad C","-","10.0","0.75","1.0","750.0","1150.0","0x4b","0x73","","Solldrehzahl 2","Solldrehzahl 2"
"NLLM (AR 1A2D4)","0x19a7c","Desired idle speed","6x1","8 Bit","-","U/min","Grad C","-","10.0","0.75","1.0","700.0","1150.0","0x46","0x73","Solldrehzahl","Solldrehzahl","Solldrehzahl"
"TVFSREM (AR 1A378)","0x19af5","Motor temperature dependent delay time for drive in (R)","8x1","8 Bit","-","s","Grad C","-","0.02","0.75","1.0","1.5","5.0","0x4b","0xfa","motortemperaturabhängige Verzögerungszeit für Fahrstufe ein (R)","motortemperaturabhängige Verzögerungszeit für Fahrstufe ein (R)","motortemperaturabhängige Verzögerungszeit für Fahrstufe ein (R)"
"RLVMXN","0x19bed","Maximum relative indicated torque under open throttle body","11x1","8 Bit","-","%","RPM","-","0.75","40.0","1.0","68.25","95.25","0x5b","0x7f","","","Maximaler Volumenstrom bei offener Drosselklappe"
"RLVSMXN","0x19c04","Maximum relative indicated torque under open throttle body and SU","11x1","8 Bit","-","-","RPM","-","0.75","40.0","1.0","61.5","81.0","0x52","0x6c","","","Maximaler Volumenstrom bei offener Drosselklappe und SU"
"RLLRTMO (AR 1AC7C)","0x19f98","Characteristic curve for tmot, upper rL control limit for controller before Kat","8x1","8 Bit","-","%","Grad C","-","0.75","0.75","1.0","50.25","177.0","0x43","0xec","Kennlinie über tmot, obere rL Regelgrenze für Regler vor KAT","Kennlinie über tmot, obere rL Regelgrenze für Regler vor KAT","Kennlinie über tmot, obere rL Regelgrenze für Regler vor KAT"
"CLRHKA","0x19fcf","Codeword for lambda control behind catalyst","1x1","8 Bit","1 : 1 Umrechnug (dez/hex)","-","-","-","1.0","1.0","1.0","0.0","0.0","0x0","0x0","Codewort für Lambda - Regelung hinter Kat","Codewort für Lambda - Regelung hinter Kat","Codewort für Lambda - Regelung hinter Kat"
"FTOMN","0x1a34b","Minimal spark start time","1x1","8 Bit","-","ms","-","-","0.1","1.0","1.0","0.5","0.5","0x5","0x5","minimale Öffnungszeit","minimale Öffnungszeit","minimale Öffnungszeit"
"KFSZT (AR 1B263)","0x1a41f","Map: closing time (from RPM, V)","8x8","8 Bit","-","ms","Upm","V","0.1","40.0","0.0704","1.0","12.5","0xa","0x7d","Schließzeit-Kennfeld","Schließzeit-Kennfeld","Schließzeit-Kennfeld"
"KFTSRL (AR 1B2B8)","0x1a474","Map: closing time (from load, RPM)","10x9","8 Bit","-","ms","%","Upm","0.1","0.75","40.0","1.4000000000000001","3.0","0xe","0x1e","Schließzeitkennfeld","Schließzeitkennfeld","Schließzeitkennfeld"
"FKVA","0x1a4d5","Constant conversion factor for consumption display","1x1","8 Bit","-","-","-","-","0.0625","1.0","1.0","1.0","1.0","0x10","0x10","Konstanter Umrechnungsfaktor für Verbrauchsanzeige","Konstanter Umrechnungsfaktor für Verbrauchsanzeige","Konstanter Umrechnungsfaktor für Verbrauchsanzeige"
"KVB (AR 1B32F)","0x1a4d7","Constant for fuel consumption display","1x1","8 Bit","-","cm^3/min","-","-","3.046875","1.0","1.0","319.921875","319.921875","0x69","0x69","Konstante für Verbrauchsanzeige","Konstante für Verbrauchsanzeige","Konstante für Verbrauchsanzeige"
"TDDHBKV (AR 1B353)","0x1a4f3","Debounce time for setting of cycle flags","1x1","8 Bit","-","s","-","-","0.1","1.0","1.0","1.0","1.0","0xa","0xa","Entprellzeit für Setzen des Zyklusflags","","Entprellzeit für Setzen des Zyklusflags"
"MLSLMX (AR 1B50C)","0x1a684","Maximum air mass for secondary air injection","1x1","16 Bit (LoHi)","-","kg/h","-","-","0.1","1.0","1.0","500.0","500.0","0x1388","0x1388","max. Motor-Luftmasse für Sekundärlufteinblasung","max. Motor-Luftmasse für Sekundärlufteinblasung","max. Motor-Luftmasse für Sekundärlufteinblasung"
"MLWDSLMN (1B57A)","0x1a6f0","Min. airmass for diagnosis condition","1x1","16 Bit (LoHi)","-","kg/h","-","-","0.1","1.0","1.0","10.0","10.0","0x64","0x64","min. Luftmasse für Bedingung Diagnose (16 Bit)","min. Luftmasse für Bedingung Diagnose (16 Bit)","min. Luftmasse für Bedingung Diagnose (16 Bit)"
"MLLASH","0x1b58e","Airmass threshold for dynamic testing behind cat","1x1","16 Bit (LoHi)","-","kg/h","-","-","0.1","1.0","1.0","20.0","20.0","0xc8","0xc8","Luftmassenschwelle für Schwingungsprüfung hinter KAT","Luftmassenschwelle für Schwingungsprüfung hinter KAT","Luftmassenschwelle für Schwingungsprüfung hinter KAT"
"TWDDTV (AR 1D8C6)","0x1b590","Wait time for delta-TV diagnosis (DLSA) ready-flag","1x1","16 Bit (LoHi)","-","s","-","-","0.1","1.0","1.0","100.0","100.0","0x3e8","0x3e8","Wartezeit für Ready-Flag der Delta-TV Diagnose (DLSA)","Wartezeit für Ready-Flag der Delta-TV Diagnose (DLSA)","Wartezeit für Ready-Flag der Delta-TV Diagnose (DLSA)"
"KFWPFGR","0x1b7ec","Inverse pedal map for cruise control","12x16","16 Bit (LoHi)","-","-","RPM","%","0.001526","0.25","0.003052","0.0","93.33779","0x0","0xeeed","Inverses Pedalkennfeld für FGR-Betrieb","Inverses Pedalkennfeld für FGR-Betrieb","Inverses Pedalkennfeld für FGR-Betrieb"
"KFMLDMN (AR 1E1AC, not 1E1AB)","0x1b9e2","ML: threshod for B_minflr diagnosis HFM/HLM","8x8","16 Bit (LoHi)","-","kg/h","Upm","% DK","0.1","0.25","0.024414","3.0","296.40000000000003","0x1e","0xb94","ML-Schwelle für B_minflr-Diagnose HFM/HLM","ML-Schwelle für B_minflr-Diagnose HFM/HLM","ML-Schwelle für B_minflr-Diagnose HFM/HLM"
"KFMLDMX (AR 13D96 NOT 13D95)","0x1ba86","ML: threshold for B_maxflr diagnosis HFM/HLM","8x8","16 Bit (LoHi)","-","kg/h","Upm","% DK","0.1","0.25","0.024414","25.1","1164.0","0xfb","0x2d78","ML-Schwelle für B_maxflr-Diagnose HFM/HLM","ML-Schwelle für B_maxflr-Diagnose HFM/HLM","ML-Schwelle für B_maxflr-Diagnose HFM/HLM"
"KFMLDMX (AR 13D96 NOT 13D95)","0x1ba86","ML: threshold for B_maxflr diagnosis HFM/HLM (g/sec)","8x8","16 Bit (LoHi)","-","kg/h","Upm","% DK","0.027778","0.25","0.024414","6.972278","323.33592","0xfb","0x2d78","ML-Schwelle für B_maxflr-Diagnose HFM/HLM","ML-Schwelle für B_maxflr-Diagnose HFM/HLM","ML-Schwelle für B_maxflr-Diagnose HFM/HLM"
"FPVMXN2 (RS4 1C00E)","0x1bb16","Factor for maximum pressure ratio with auxilliary load signal ","6x1","16 Bit (LoHi)","-","-","U/min","-","6.1E-5","0.25","1.0","0.999424","1.199321","0x4000","0x4ccd","","Faktor maximales Druckverhältnis mit Nebenlastsignal","Faktor maximales Druckverhältnis mit Nebenlastsignal"
"KFPBRK (AR 1E3B0)","0x1bb4e","Correction factor for combustion chamber pressure","10x10","16 Bit (LoHi)","-","-","%","U/min","3.1E-5","0.023438","0.25","1.015808","1.039616","0x8000","0x8300","Korrekturfaktor für Brennraumdruck","Korrekturfaktor für Brennraumdruck","Korrekturfaktor für Brennraumdruck"
"KFPBRKNW (AR 1E4A4)","0x1bc42","Correction factor for combustion chamber pressure at NWS active","10x10","16 Bit (LoHi)","-","-","%","U/min","3.1E-5","0.023438","0.25","1.015808","1.138816","0x8000","0x8f80","Korrekturfaktor für Brennraumdruck bei aktiver NWS","Korrekturfaktor für Brennraumdruck bei aktiver NWS","Korrekturfaktor für Brennraumdruck bei aktiver NWS"
"KFPRG (RS4 1C226)","0x1bd2e","Internal exhaust partial pressure dependent on cam adjustment when sumode=0","10x3","16 Bit (LoHi)","-","hPa","U/min","°KW","0.039063","0.25","0.001953","35.000448","320.004096","0x380","0x2000","","interner Abgaspartialdruck abhängig von NW-Verstellung bei sumode=0","interner Abgaspartialdruck abhängig von NW-Verstellung bei sumode=0"
"KFURL (RS4 1C2C2)","0x1bdca","Conversion constant for ps->rl dependent on cam adjustment when sumode=0","10x3","16 Bit (LoHi)","-","%/hPa","U/min","°KW","5.0E-6","0.25","0.001953","0.10377000000000002","0.13326000000000002","0x5112","0x681c","","Umrechnungsfaktor von ps->rl abhängig von NW-Verstellung bei sumode=0","Umrechnungsfaktor von ps->rl abhängig von NW-Verstellung bei sumode=0"
"DPDSVLU","0x1be44","Delta pressure value for signal comparison of pressure sensor with ambient pressure","1x1","16 Bit (LoHi)","-","hPa","-","-","0.039063","1.0","1.0","200.00256000000002","200.00256000000002","0x1400","0x1400","Delta Druckwert für Signalvergleich Ladedruck mit Umgebungsdruck","Delta Druckwert für Signalvergleich Ladedruck mit Umgebungsdruck","Delta Druckwert für Signalvergleich Ladedruck mit Umgebungsdruck"
"MLMAX","0x1beb0","Maximum airflow for load calculation following SAE J1979","1x1","16 Bit (LoHi)","-","kg/h","-","-","0.1","1.0","1.0","750.0","750.0","0x1d4c","0x1d4c","","Maximaler Luftfluß für die Lastberechnung nach SAE J1979","Maximaler Luftfluß für die Lastberechnung nach SAE J1979"
"KFWDKMSN (AR 1E778)","0x1bef6","Map for desired throttle plate angle","6x16","16 Bit (LoHi)","-","%","U/min","kg/h","0.001526","0.25","0.1","0.0","90.009584","0x0","0xe668","Kennfeld für Drosselklappen-Sollwinkel","Kennfeld für Drosselklappen-Sollwinkel","Kennfeld für Drosselklappen-Sollwinkel"
"FRKAP_0_A","0x1c000","Factor fuel mass for application","1x1","8 Bit","-","-","-","-","0.007813","1.0","1.0","1.000064","1.000064","0x80","0x80","Faktor relative Kraftstoffmasse für Applikation","","Faktor relative Kraftstoffmasse für Applikation"
"FRKAP_1_A","0x1c001","Factor fuel mass for application","1x1","8 Bit","-","-","-","-","0.007813","1.0","1.0","1.000064","1.000064","0x80","0x80","Faktor relative Kraftstoffmasse für Applikation","","Faktor relative Kraftstoffmasse für Applikation"
"KFWWNS (AR 1ECB2)","0x1c01c","Repeated start time factor","8x8","8 Bit","-","-","s","Grad C","0.007813","1.0","0.75","0.398463","1.000064","0x33","0x80","Wiederholstartzeitfaktor","","Wiederholstartzeitfaktor"
"FKKVS (AR 1E916)","0x1c08e","Correction factor for fuel supply system","16x16","16 Bit (LoHi)","-","-","ms","Upm","3.1E-5","0.004","40.0","1.015808","1.015808","0x8000","0x8000","Korrekturfaktor Kraftstoffversorgungssystem","","Korrekturfaktor Kraftstoffversorgungssystem"
"FRLFSDP","0x1c2a6","Injection correction during RLFS","11x1","16 Bit (LoHi)","-","-","hPa","-","3.1E-5","0.078125","1.0","1.015808","1.015808","0x8000","0x8000","Einspritzkorrektur bei RLFS","Einspritzkorrektur bei RLFS","Einspritzkorrektur bei RLFS"
"KRKTE (AR 1EB44)","0x1c2bc","Conversion of relative fuel mass (rk) to effective injector on time (te)","1x1","16 Bit (LoHi)","-","ms/%","-","-","1.11E-4","1.0","1.0","0.09768","0.09768","0x370","0x370","Umrechnung relative Kraftstoffmasse rk in effektive Einspritzzeit te","Umrechnung relative Kraftstoffmasse rk in effektive Einspritzzeit te","Umrechnung relative Kraftstoffmasse rk in effektive Einspritzzeit te"
"DLAMTANS","0x1c36b","Temperature dependent enrichment","4x1","8 Bit","-","-","Grad C","-","0.007813","0.75","1.0","0.0","0.0","0x0","0x0","Lufttemperaturabhängige Anfettung","Lufttemperaturabhängige Anfettung","Lufttemperaturabhängige Anfettung"
"-","0x1c382","Axis: driver requested relative torque (mrfa: LAMFA)","6x1","16 Bit (LoHi)","-","%","-","%","0.003052","1.0","1.0","0.500528","1.001056","0xa4","0x148","","",""
"LAMFA (AR 1ED52, not 1ED51)","0x1c38e","Lambda - driver desired","6x15","8 Bit","-","-","%","Upm","0.007813","0.003052","40.0","1.000064","1.000064","0x80","0x80","Lambda Fahrerwunsch","","Lambda Fahrerwunsch"
"LAMFA (AR 1ED52, not 1ED51)","0x1c38e","AFR - driver desired","6x15","8 Bit","-","-","%","Upm","0.1148511","0.003052","40.0","14.7009408","14.7009408","0x80","0x80","Lambda Fahrerwunsch","","Lambda Fahrerwunsch"
"ZKWLAFWL","0x1c3ee","Zeitkonstante Wichtung Offset Lambda-Motor-Soll","1x1","16 Bit (LoHi)","-","%","-","-","0.001526","1.0","1.0","20.001282","20.001282","0x3333","0x3333","Zeitkonstante Wichtung Offset Lambda-Motor-Soll","Zeitkonstante Wichtung Offset Lambda-Motor-Soll","Zeitkonstante Wichtung Offset Lambda-Motor-Soll"
"DLBTS","0x1c4a7","Delta desired lambda for component protection","8x1","8 Bit","-","-","%","-","0.007813","0.5","1.0","-0.281268","0.0","0xdc","0x0","","","Delta Lambdasoll für Bauteileschutz"
"TABGBTS","0x1c4b2","EGT threshold for component protection","1x1","16 Bit (LoHi)","-","Grad C","-","-","0.019531","1.0","1.0","499.99296000000004","499.99296000000004","0x6e00","0x6e00","Abgastemperaturschwelle für Bauteileschutz","Abgastemperaturschwelle für Bauteileschutz","Abgastemperaturschwelle für Bauteileschutz"
"TABGSS","0x1c514","Desired exhaust gas temperature for EGT regulation","1x1","16 Bit (LoHi)","-","grad C","-","-","0.019531","1.0","1.0","979.9868160000001","979.9868160000001","0xce00","0xce00","","Sollwert Abgastemperatur für Abgastemperaturregelung","Sollwert Abgastemperatur für Abgastemperaturregelung"
"TABGSS2","0x1c516","Desired exhaust gas temperature for EGT regulation Bank 2","1x1","16 Bit (LoHi)","-","grad C","-","-","0.019531","1.0","1.0","979.9868160000001","979.9868160000001","0xce00","0xce00","","Sollwert Abgastemperatur für Abgastemperaturregelung Bank 2","Sollwert Abgastemperatur für Abgastemperaturregelung Bank 2"
"TDATSO","0x1c51e","Upper boundary of EGT model for diagnosing EGT sensor","1x1","16 Bit (LoHi)","-","Grad C","-","-","0.019531","1.0","1.0","499.99296000000004","499.99296000000004","0x6e00","0x6e00","Obergrenze Abgastemperaturmodell für Diagnose Abgastemperatursensor","Obergrenze Abgastemperaturmodell für Diagnose Abgastemperatursensor","Obergrenze Abgastemperaturmodell für Diagnose Abgastemperatursensor"
"KFNFSKHM (AR 1F3E4)","0x1c6dc","Desired idle engine speed while cat heating with drive engaged","4x8","8 Bit","-","U/min","-","Grad C","10.0","3.05E-5","0.75","700.0","1000.0","0x46","0x64","Leerlaufsolldrehzahl bei Katheizen mit eingelegter Fahrstufe","","Leerlaufsolldrehzahl bei Katheizen mit eingelegter Fahrstufe"
"TTEGA (AR 1ED00)","0x1c732","Tank ventilation time for basic adaption","1x1","16 Bit (LoHi)","-","s","-","-","0.1","1.0","1.0","60.0","60.0","0x258","0x258","Zeit bei der Tankentlüftung für Grundadaption","Zeit bei der Tankentlüftung für Grundadaption","Zeit bei der Tankentlüftung für Grundadaption"
"KFDYES (AR 1F8AC)","0x1cb3e","Dynamic load detection threshold","6x16","16 Bit (LoHi)","-","%/seg","%","Upm","0.023438","0.75","40.0","2.203172","19.992614","0x5e","0x355","Lastdynamikerkennungsschwelle","Lastdynamikerkennungsschwelle","Lastdynamikerkennungsschwelle"
"CWFA195A","0x1ce1c","Supplemental codeword: short strip requirements display group 195","1x1","16 Bit (LoHi)","1 : 1 Umrechnug (dez/hex)","-","-","-","1.0","1.0","1.0","32768.0","32768.0","0x8000","0x8000","Ergänzung Codewort Kurztripanforderungen Anzeigegruppe 195","Ergänzung Codewort Kurztripanforderungen Anzeigegruppe 195","Ergänzung Codewort Kurztripanforderungen Anzeigegruppe 195"
"KFLDIMX (AR 27970)","0x1d65c","Map: LDR I-Regulator limit","8x16","16 Bit (LoHi)","-","%","hPa","U/min","0.005","0.039063","0.25","0.0","95.0","0x0","0x4a38","Kennfeld LDR I-Reglerbegrenzung","Kennfeld LDR I-Reglerbegrenzung","Kennfeld LDR I-Reglerbegrenzung"
"KFLDRL (AR 27AC2)","0x1d7ae","Map for linearization of boost pressure = f (TV)","10x16","16 Bit (LoHi)","-","%","%","U/min","0.005","0.005","0.25","0.0","95.0","0x0","0x4a38","KF zur Linearisierung Ladedruck=f(TV)","KF zur Linearisierung Ladedruck=f(TV)","KF zur Linearisierung Ladedruck=f(TV)"
"KFLDRQ2 (AR 27C02)","0x1d8ee","LDR-control parameter Q2","4x8","16 Bit (LoHi)","-","%/100hPa","hPa","Upm","0.05","10.0","40.0","0.0","25.0","0x0","0x1f4","Kennfeld LDR-Reglerparameter Q2","Kennfeld LDR-Reglerparameter Q2","Kennfeld LDR-Reglerparameter Q2"
"LDRQ0DY (AR 27DDC)","0x1d958","LDR-control parameter Q0","16x1","16 Bit (LoHi)","-","%/100hPa","Upm","-","0.05","40.0","1.0","5.0","30.0","0x64","0x258","LDR-Reglerparameter Q0","LDR-Reglerparameter Q0","LDR-Reglerparameter Q0"
"LDRQ0S (AR 27DFC)","0x1d978","LDR-control parameter Q0 in stationary operation","1x1","16 Bit (LoHi)","-","%/100hPa","-","-","0.05","1.0","1.0","2.0","2.0","0x28","0x28","Reglerparameter Q0 LDR-PID Regler im Stationärbetrieb","Reglerparameter Q0 LDR-PID Regler im Stationärbetrieb","Reglerparameter Q0 LDR-PID Regler im Stationärbetrieb"
"LDRQ1DY","0x1d97a","LDR-control parameter Q1 in dynamic operation (integration coefficient)","16x1","16 Bit (LoHi)","-","%/100hPa","Upm","-","0.05","40.0","1.0","20.0","20.0","0x190","0x190","Reglerparameter Q1 PID-Regler im Dynamikbetrieb (Integrationsbeiwert)","Reglerparameter Q1 PID-Regler im Dynamikbetrieb (Integrationsbeiwert)","Reglerparameter Q1 PID-Regler im Dynamikbetrieb (Integrationsbeiwert)"
"LDRQ1ST","0x1d99a","LDR-control parameter Q1 in stationary operation (integration coefficient)","16x1","16 Bit (LoHi)","-","%/100hPa","Upm","-","0.05","40.0","1.0","0.30000000000000004","0.5","0x6","0xa","Reglerparameter Q1 PID-Regler im Stationärbetrieb (Integrationsbeiwert)","Reglerparameter Q1 PID-Regler im Stationärbetrieb (Integrationsbeiwert)","Reglerparameter Q1 PID-Regler im Stationärbetrieb (Integrationsbeiwert)"
"TVLDMX (AR 27E54)","0x1d9d0","Upper duty cycle limit for LDR","1x1","16 Bit (LoHi)","-","%","-","-","0.005","1.0","1.0","95.0","95.0","0x4a38","0x4a38","Obere Tastverhältnisbegrenzung für LDR","Obere Tastverhältnisbegrenzung für LDR","Obere Tastverhältnisbegrenzung für LDR"
"KFFLDEO (AR 28026)","0x1d9d2","Factor for boost pressure intervention through KR","8x8","16 Bit (LoHi)","-","-","Grad KW","U/min","1.5E-5","0.1875","0.25","0.983025","0.983025","0xffff","0xffff","Faktor für Ladedruckeingriff auf Overboostwert durch KR","Faktor für Ladedruckeingriff auf Overboostwert durch KR","Faktor für Ladedruckeingriff auf Overboostwert durch KR"
"KFFLLDE (RS4 1E0F2, AR 280A6)","0x1da52","Factor for slow LDR intervention on rlmax via KR","8x8","16 Bit (LoHi)","-","-","Grad KW","U/min","3.1E-5","0.1875","0.25","0.666686","1.015808","0x5402","0x8000","Faktor für langsamen Ladedruckeingriff auf rlmax durch KR","Faktor für langsamen Ladedruckeingriff auf rlmax durch KR","Faktor für langsamen Ladedruckeingriff auf rlmax durch KR"
"KFFSLDE (AR 28126)","0x1dad2","Factor for rapid LDR intervention (reduction)","8x8","16 Bit (LoHi)","-","-","Grad KW","U/min","3.1E-5","0.1875","0.25","0.865055","1.015808","0x6d01","0x8000","Faktor für schnellen LDR-Eingriff(Absenkung)","Faktor für schnellen LDR-Eingriff(Absenkung)","Faktor für schnellen LDR-Eingriff(Absenkung)"
"KFFWLLDE (AR 281A6)","0x1db52","Weighting factor for slow boost pressure intervention on rlmax via KR","8x8","16 Bit (LoHi)","-","-","Grad KW","Grad C","3.1E-5","0.1875","0.75","1.015808","1.015808","0x8000","0x8000","Wichtungsfaktor für langsamen Ladedruckeingriff auf rlmax durch KR","","Wichtungsfaktor für langsamen Ladedruckeingriff auf rlmax durch KR"
"KFTARX (AR 28278)","0x1dbd2","Maximum specified load IAT correction factor map","8x8","16 Bit (LoHi)","-","-","Grad C","U/min","3.1E-5","0.75","0.25","0.853306","1.317407","0x6b86","0xa601","Kennfeld Maximalfuellung Tans Korrekturfaktor","","Kennfeld Maximalfuellung Tans Korrekturfaktor"
"KFTARXZK (AR 28368)","0x1dc52","Maximum specified load IAT correction factor map under continuous knock","8x8","16 Bit (LoHi)","-","-","Grad C","U/min","3.1E-5","0.75","0.25","0.507904","0.507904","0x4000","0x4000","Kennfeld Maximalfuellung Tans Korrekturfaktor bei Dauerklopfen","","Kennfeld Maximalfuellung Tans Korrekturfaktor bei Dauerklopfen"
"LDRXN_1_A (AR 284BC)","0x1dcf4","Maximum specified load","16x1","16 Bit (LoHi)","-","%","U/min","-","0.023438","0.25","1.0","109.994534","145.807798","0x1255","0x184d","Maximalfuellung LDR","",""
"LDRXNZK (AR 284FE)","0x1dd36","Maximum specified load during continuous knock","16x1","16 Bit (LoHi)","-","%","U/min","-","0.023438","0.25","1.0","99.002112","99.002112","0x1080","0x1080","Maximalfuellung LDR bei Dauerklopfen","Maximalfuellung LDR bei Dauerklopfen","Maximalfuellung LDR bei Dauerklopfen"
"KFDMDADP","0x1de1c","Upper threshold for torque intervention under dashpot","8x6","16 Bit (LoHi)","-","%","%","-","0.001526","0.003052","1.0","1.001056","20.002808","0x290","0x3334","","","Obere Schwelle für Momenteneingriff bei Dashpot"
"KFDMDARO","0x1de7c","Upper threshold for torque intervention","8x6","16 Bit (LoHi)","-","%","%","-","0.001526","0.003052","1.0","1.001056","20.002808","0x290","0x3334","","","Obere Schwelle für Momenteneingriff"
"NMAXDVG (AR 27F06, RS4 1ECC6, 1ECB6)","0x1e4a0","Maximum engine speed on speed signal error detection (automatic transmission)?","8x1","16 Bit (LoHi)","-","RPM","-","-","0.25","1.0","1.0","4100.0","6800.0","0x4010","0x6a40","Drehzahlgrenze für Automatik-Getriebe bei Fehler Geschwindigkeitssignal","","Drehzahlgrenze für Automatik-Getriebe bei Fehler Geschwindigkeitssignal"
"VAVMX/VMAX (AR 27F48-27F4A)","0x1e4c0","Maximum vehicle speed","5x1","16 Bit (LoHi)","-","km/h","Grad C","-","0.007813","0.23438","1.0","230.01472","230.01472","0x7300","0x7300","","",""
"VMAXTM (AR27F58)","0x1e4d6","Maximum vehicle speed because of engine temperature","5x1","16 Bit (LoHi)","-","km/h","Grad C","-","0.007813","0.75","1.0","512.024955","512.024955","0xffff","0xffff","Maximalgeschwindigkeit aus Motortemperatur","","Maximalgeschwindigkeit aus Motortemperatur"
"VMAXTOL (AR 27F6E)","0x1e4ec","Maximum vehicle speed because of oil temperature","5x1","16 Bit (LoHi)","-","km/h","Grad C","-","0.007813","0.23438","1.0","512.024955","512.024955","0xffff","0xffff","Maximalgeschwindigkeit aus Öltemperatur","","Maximalgeschwindigkeit aus Öltemperatur"
"FQTEFR (AR 2A1EB)","0x1eb87","Characteristic curve for continuous limit value control (fr)","8x1","8 Bit","-","-","RPM","-","0.125","0.007813","1.0","0.0","1.5","0x0","0xc","Kennlinie stetige Grenzwertregelung (fr)","Kennlinie stetige Grenzwertregelung (fr)","Kennlinie stetige Grenzwertregelung (fr)"
"KFDZWOB (AR 2B054)","0x1f22c","Delta ignition angle (overboost)","4x4","8 Bit","-","grad KW","%","Upm","0.75","0.75","40.0","0.0","3.0","0x0","0x4","Delta Zündwinkel Zündwinkeloverboost","Delta Zündwinkel Zündwinkeloverboost","Delta Zündwinkel Zündwinkeloverboost"
"DPBKVEVKEP (AR 2B1A0)","0x1f374","Pressure gradient factor during evacuation of the brake booster via electrical pump","1x1","16 Bit (LoHi)","-","-","-","-","2.44E-4","1.0","1.0","0.279868","0.279868","0x47b","0x47b","Fak. Druckgrad. während Evakuierung des Bremskraftverstärkers durch el. Pumpe","","Fak. Druckgrad. während Evakuierung des Bremskraftverstärkers durch el. Pumpe"
"FBKVP (AR 2B1AA)","0x1f37e","Factor for calculating min. pump pressure dependent on ambient pressure","1x1","16 Bit (LoHi)","-","-","-","-","3.1E-5","1.0","1.0","0.20317400000000002","0.20317400000000002","0x199a","0x199a","Faktor zur Berechnung des min. Pumpdrucks abhängig von Umgebungsdruck","","Faktor zur Berechnung des min. Pumpdrucks abhängig von Umgebungsdruck"
"DPBKVPMN","0x1f438","Tolerance of pubkv_w*FBKVP (min. pump-pressure) and pressure sensor tolerance in BKV","1x1","16 Bit (LoHi)","-","hPa","-","-","0.039063","1.0","1.0","60.000768","60.000768","0x600","0x600","Toleranz von pubkv_w*FBKVP (min. Pump-Druck) und Toleranz Drucksensor im BKV","","Toleranz von pubkv_w*FBKVP (min. Pump-Druck) und Toleranz Drucksensor im BKV"
"JumpToALNLS","0x8b3a6","Jump to AL/NLS (0xE80088DA)","1x1","32 Bit (LoHiLoHi)","-","-","-","-","1.0","1.0","1.0","2.331244787E9","2.331244787E9","0x0","0x0","","",""
"ALNLS","0x8e800","AL/NLS code patch","71x1","16 Bit (LoHi)","-","-","-","-","1.0","1.0","1.0","65535.0","65535.0","0xffff","0xffff","","",""
